compiler,mode,case,variant,n,m,repeats,batch,median_us,min_us,checksum
g++,assert,dense,without_greedy,500,62844,7,20,550.337,544.482,40000
g++,assert,dense,without_early_stop,500,62844,7,20,600.413,515.125,40000
g++,assert,dense,selected,500,62844,7,20,515.362,509.862,40000
g++,assert,dense,official_gabow_adapter,500,62844,7,20,542.606,537.642,40000
g++,assert,sparse_planted,without_greedy,500,2250,7,20,78.373,76.090,40000
g++,assert,sparse_planted,without_early_stop,500,2250,7,20,56.091,53.672,40000
g++,assert,sparse_planted,selected,500,2250,7,20,59.031,57.978,40000
g++,assert,sparse_planted,official_gabow_adapter,500,2250,7,20,81.248,77.884,40000
g++,assert,odd_complete,without_greedy,499,124251,7,20,6262.686,6099.973,39840
g++,assert,odd_complete,without_early_stop,499,124251,7,20,960.615,933.878,39840
g++,assert,odd_complete,selected,499,124251,7,20,738.225,700.081,39840
g++,assert,odd_complete,official_gabow_adapter,499,124251,7,20,1216.482,1159.513,39840
g++,assert,nested_triangles,without_greedy,499,747,7,20,124.843,122.168,39840
g++,assert,nested_triangles,without_early_stop,499,747,7,20,49.816,49.398,39840
g++,assert,nested_triangles,selected,499,747,7,20,7.106,7.083,39840
g++,assert,nested_triangles,official_gabow_adapter,499,747,7,20,40.297,39.460,39840
g++,assert,odd_components,without_greedy,498,498,7,20,75.320,75.176,26560
g++,assert,odd_components,without_early_stop,498,498,7,20,53.965,53.718,26560
g++,assert,odd_components,selected,498,498,7,20,54.994,52.864,26560
g++,assert,odd_components,official_gabow_adapter,498,498,7,20,34.298,33.683,26560
g++,assert,augmenting_blossoms,without_greedy,498,498,7,20,50.931,50.283,39840
g++,assert,augmenting_blossoms,without_early_stop,498,498,7,20,30.352,29.957,39840
g++,assert,augmenting_blossoms,selected,498,498,7,20,31.003,30.087,39840
g++,assert,augmenting_blossoms,official_gabow_adapter,498,498,7,20,32.193,31.110,39840
g++,assert,duplicates_and_loops,without_greedy,500,47750,7,20,146.615,144.592,40000
g++,assert,duplicates_and_loops,without_early_stop,500,47750,7,20,119.280,115.410,40000
g++,assert,duplicates_and_loops,selected,500,47750,7,20,127.552,123.089,40000
g++,assert,duplicates_and_loops,official_gabow_adapter,500,47750,7,20,119.871,111.225,40000
g++,release,dense,without_greedy,500,62844,7,20,564.832,549.434,40000
g++,release,dense,without_early_stop,500,62844,7,20,523.482,508.098,40000
g++,release,dense,selected,500,62844,7,20,512.743,503.026,40000
g++,release,dense,official_gabow_adapter,500,62844,7,20,545.756,525.067,40000
g++,release,sparse_planted,without_greedy,500,2250,7,20,72.608,70.566,40000
g++,release,sparse_planted,without_early_stop,500,2250,7,20,55.019,54.443,40000
g++,release,sparse_planted,selected,500,2250,7,20,54.459,54.202,40000
g++,release,sparse_planted,official_gabow_adapter,500,2250,7,20,81.097,80.763,40000
g++,release,odd_complete,without_greedy,499,124251,7,20,5660.406,5546.129,39840
g++,release,odd_complete,without_early_stop,499,124251,7,20,872.949,863.194,39840
g++,release,odd_complete,selected,499,124251,7,20,698.745,687.275,39840
g++,release,odd_complete,official_gabow_adapter,499,124251,7,20,1186.461,1103.214,39840
g++,release,nested_triangles,without_greedy,499,747,7,20,115.356,109.946,39840
g++,release,nested_triangles,without_early_stop,499,747,7,20,48.276,47.449,39840
g++,release,nested_triangles,selected,499,747,7,20,6.877,6.840,39840
g++,release,nested_triangles,official_gabow_adapter,499,747,7,20,40.171,39.730,39840
g++,release,odd_components,without_greedy,498,498,7,20,70.606,70.431,26560
g++,release,odd_components,without_early_stop,498,498,7,20,51.894,51.360,26560
g++,release,odd_components,selected,498,498,7,20,52.029,50.621,26560
g++,release,odd_components,official_gabow_adapter,498,498,7,20,34.093,33.382,26560
g++,release,augmenting_blossoms,without_greedy,498,498,7,20,49.757,48.762,39840
g++,release,augmenting_blossoms,without_early_stop,498,498,7,20,30.364,29.868,39840
g++,release,augmenting_blossoms,selected,498,498,7,20,29.056,28.951,39840
g++,release,augmenting_blossoms,official_gabow_adapter,498,498,7,20,32.532,31.427,39840
g++,release,duplicates_and_loops,without_greedy,500,47750,7,20,121.831,118.819,40000
g++,release,duplicates_and_loops,without_early_stop,500,47750,7,20,103.556,100.110,40000
g++,release,duplicates_and_loops,selected,500,47750,7,20,107.755,100.289,40000
g++,release,duplicates_and_loops,official_gabow_adapter,500,47750,7,20,115.699,111.483,40000
clang++,assert,dense,without_greedy,500,62844,7,20,565.001,561.905,40000
clang++,assert,dense,without_early_stop,500,62844,7,20,534.274,526.750,40000
clang++,assert,dense,selected,500,62844,7,20,533.907,529.991,40000
clang++,assert,dense,official_gabow_adapter,500,62844,7,20,491.962,475.968,40000
clang++,assert,sparse_planted,without_greedy,500,2250,7,20,76.339,71.856,40000
clang++,assert,sparse_planted,without_early_stop,500,2250,7,20,75.258,74.989,40000
clang++,assert,sparse_planted,selected,500,2250,7,20,76.833,75.348,40000
clang++,assert,sparse_planted,official_gabow_adapter,500,2250,7,20,88.257,84.066,40000
clang++,assert,odd_complete,without_greedy,499,124251,7,20,9035.637,8863.367,39840
clang++,assert,odd_complete,without_early_stop,499,124251,7,20,941.289,923.782,39840
clang++,assert,odd_complete,selected,499,124251,7,20,659.201,647.096,39840
clang++,assert,odd_complete,official_gabow_adapter,499,124251,7,20,1599.212,1584.129,39840
clang++,assert,nested_triangles,without_greedy,499,747,7,20,148.419,147.431,39840
clang++,assert,nested_triangles,without_early_stop,499,747,7,20,73.370,71.804,39840
clang++,assert,nested_triangles,selected,499,747,7,20,7.294,7.219,39840
clang++,assert,nested_triangles,official_gabow_adapter,499,747,7,20,44.059,43.720,39840
clang++,assert,odd_components,without_greedy,498,498,7,20,66.068,62.812,26560
clang++,assert,odd_components,without_early_stop,498,498,7,20,55.632,55.463,26560
clang++,assert,odd_components,selected,498,498,7,20,57.670,56.891,26560
clang++,assert,odd_components,official_gabow_adapter,498,498,7,20,35.119,34.314,26560
clang++,assert,augmenting_blossoms,without_greedy,498,498,7,20,38.193,37.659,39840
clang++,assert,augmenting_blossoms,without_early_stop,498,498,7,20,31.542,30.725,39840
clang++,assert,augmenting_blossoms,selected,498,498,7,20,31.098,30.753,39840
clang++,assert,augmenting_blossoms,official_gabow_adapter,498,498,7,20,30.317,29.932,39840
clang++,assert,duplicates_and_loops,without_greedy,500,47750,7,20,120.373,117.897,40000
clang++,assert,duplicates_and_loops,without_early_stop,500,47750,7,20,120.992,120.507,40000
clang++,assert,duplicates_and_loops,selected,500,47750,7,20,120.831,119.365,40000
clang++,assert,duplicates_and_loops,official_gabow_adapter,500,47750,7,20,114.395,112.616,40000
clang++,release,dense,without_greedy,500,62844,7,20,564.663,538.708,40000
clang++,release,dense,without_early_stop,500,62844,7,20,536.388,510.581,40000
clang++,release,dense,selected,500,62844,7,20,542.161,516.554,40000
clang++,release,dense,official_gabow_adapter,500,62844,7,20,494.081,467.899,40000
clang++,release,sparse_planted,without_greedy,500,2250,7,20,68.261,66.375,40000
clang++,release,sparse_planted,without_early_stop,500,2250,7,20,70.870,70.246,40000
clang++,release,sparse_planted,selected,500,2250,7,20,71.624,70.976,40000
clang++,release,sparse_planted,official_gabow_adapter,500,2250,7,20,81.113,80.391,40000
clang++,release,odd_complete,without_greedy,499,124251,7,20,8870.355,8746.220,39840
clang++,release,odd_complete,without_early_stop,499,124251,7,20,945.292,934.922,39840
clang++,release,odd_complete,selected,499,124251,7,20,658.240,650.414,39840
clang++,release,odd_complete,official_gabow_adapter,499,124251,7,20,1580.210,1561.889,39840
clang++,release,nested_triangles,without_greedy,499,747,7,20,146.035,145.384,39840
clang++,release,nested_triangles,without_early_stop,499,747,7,20,72.293,69.916,39840
clang++,release,nested_triangles,selected,499,747,7,20,6.417,6.389,39840
clang++,release,nested_triangles,official_gabow_adapter,499,747,7,20,42.512,42.188,39840
clang++,release,odd_components,without_greedy,498,498,7,20,59.596,58.755,26560
clang++,release,odd_components,without_early_stop,498,498,7,20,55.833,55.320,26560
clang++,release,odd_components,selected,498,498,7,20,56.312,55.933,26560
clang++,release,odd_components,official_gabow_adapter,498,498,7,20,35.189,35.032,26560
clang++,release,augmenting_blossoms,without_greedy,498,498,7,20,36.196,35.835,39840
clang++,release,augmenting_blossoms,without_early_stop,498,498,7,20,32.112,31.851,39840
clang++,release,augmenting_blossoms,selected,498,498,7,20,31.984,31.850,39840
clang++,release,augmenting_blossoms,official_gabow_adapter,498,498,7,20,31.507,30.845,39840
clang++,release,duplicates_and_loops,without_greedy,500,47750,7,20,113.766,112.242,40000
clang++,release,duplicates_and_loops,without_early_stop,500,47750,7,20,117.719,115.903,40000
clang++,release,duplicates_and_loops,selected,500,47750,7,20,117.016,114.717,40000
clang++,release,duplicates_and_loops,official_gabow_adapter,500,47750,7,20,111.180,109.353,40000
