config,structure,algebra,n,q,distribution,variant,run,build_ms,query_ms,checksum,peak_rss_kib
gcc-release,dst,min,500000,500000,random,before,0,31.1162,6.48258,14290619282437651446,89088
gcc-release,dst,min,500000,500000,random,after,0,28.9961,5.88746,14290619282437651446,85304
gcc-release,dst,min,500000,500000,random,after,1,26.0244,5.42732,14290619282437651446,85296
gcc-release,dst,min,500000,500000,random,before,1,28.2132,5.68506,14290619282437651446,89192
gcc-release,dst,min,500000,500000,random,before,2,26.9399,5.63332,14290619282437651446,89228
gcc-release,dst,min,500000,500000,random,after,2,25.7302,5.33603,14290619282437651446,85136
gcc-release,dst,min,500000,500000,random,after,3,26.3921,5.28813,14290619282437651446,85248
gcc-release,dst,min,500000,500000,random,before,3,27.3817,6.02905,14290619282437651446,89032
gcc-release,dst,min,500000,500000,random,before,4,27.1187,6.32908,14290619282437651446,89192
gcc-release,dst,min,500000,500000,random,after,4,26.3144,5.2401,14290619282437651446,85264
gcc-release,dst,min,500000,500000,random,after,5,26.7314,5.87744,14290619282437651446,85276
gcc-release,dst,min,500000,500000,random,before,5,27.5779,5.59224,14290619282437651446,89108
gcc-release,dst,min,500000,500000,short,before,0,26.7173,6.21435,8297229813448507998,89172
gcc-release,dst,min,500000,500000,short,after,0,25.6838,5.59903,8297229813448507998,85296
gcc-release,dst,min,500000,500000,short,after,1,25.5038,5.34516,8297229813448507998,85232
gcc-release,dst,min,500000,500000,short,before,1,27.3256,5.48395,8297229813448507998,89172
gcc-release,dst,min,500000,500000,short,before,2,28.2533,5.77603,8297229813448507998,89144
gcc-release,dst,min,500000,500000,short,after,2,25.2507,5.40769,8297229813448507998,85224
gcc-release,dst,min,500000,500000,short,after,3,25.4593,5.59415,8297229813448507998,85208
gcc-release,dst,min,500000,500000,short,before,3,26.4302,5.75537,8297229813448507998,89188
gcc-release,dst,min,500000,500000,short,before,4,25.9553,5.57618,8297229813448507998,89180
gcc-release,dst,min,500000,500000,short,after,4,24.5633,5.16119,8297229813448507998,85252
gcc-release,dst,min,500000,500000,short,after,5,24.6708,5.13155,8297229813448507998,85244
gcc-release,dst,min,500000,500000,short,before,5,26.3564,5.87413,8297229813448507998,89192
gcc-release,dst,min,500000,100,random,before,0,25.8987,0.001933,6510695206153870241,85260
gcc-release,dst,min,500000,100,random,after,0,24.7104,0.001773,6510695206153870241,81372
gcc-release,dst,min,500000,100,random,after,1,25.8311,0.003026,6510695206153870241,81404
gcc-release,dst,min,500000,100,random,before,1,27.614,0.002894,6510695206153870241,85304
gcc-release,dst,min,500000,100,random,before,2,28.3817,0.00257,6510695206153870241,85376
gcc-release,dst,min,500000,100,random,after,2,25.8812,0.002542,6510695206153870241,81404
gcc-release,dst,min,500000,100,random,after,3,25.7784,0.002439,6510695206153870241,81244
gcc-release,dst,min,500000,100,random,before,3,27.6383,0.002542,6510695206153870241,85280
gcc-release,dst,min,500000,100,random,before,4,26.9917,0.002535,6510695206153870241,85144
gcc-release,dst,min,500000,100,random,after,4,25.1433,0.002609,6510695206153870241,81404
gcc-release,dst,min,500000,100,random,after,5,25.2425,0.002194,6510695206153870241,81352
gcc-release,dst,min,500000,100,random,before,5,28.4195,0.002571,6510695206153870241,85280
gcc-release,dst,sum,500000,500000,random,before,0,26.4508,5.26041,17032039528712304763,89200
gcc-release,dst,sum,500000,500000,random,after,0,24.9357,5.56439,17032039528712304763,85296
gcc-release,dst,sum,500000,500000,random,after,1,24.3511,4.94144,17032039528712304763,85276
gcc-release,dst,sum,500000,500000,random,before,1,25.6845,4.73299,17032039528712304763,89192
gcc-release,dst,sum,500000,500000,random,before,2,26.7578,5.65598,17032039528712304763,89112
gcc-release,dst,sum,500000,500000,random,after,2,24.077,5.82314,17032039528712304763,85264
gcc-release,dst,sum,500000,500000,random,after,3,31.4541,5.59926,17032039528712304763,85296
gcc-release,dst,sum,500000,500000,random,before,3,27.5367,5.99527,17032039528712304763,89192
gcc-release,dst,sum,500000,500000,random,before,4,26.2541,5.2062,17032039528712304763,89192
gcc-release,dst,sum,500000,500000,random,after,4,24.511,5.10972,17032039528712304763,85196
gcc-release,dst,sum,500000,500000,random,after,5,24.3936,5.06212,17032039528712304763,85256
gcc-release,dst,sum,500000,500000,random,before,5,26.7532,5.43265,17032039528712304763,89172
gcc-release,dst,sum,500000,500000,short,before,0,26.8472,5.79584,9280008034577550675,89168
gcc-release,dst,sum,500000,500000,short,after,0,24.7934,4.99525,9280008034577550675,85280
gcc-release,dst,sum,500000,500000,short,after,1,24.1866,5.34026,9280008034577550675,85264
gcc-release,dst,sum,500000,500000,short,before,1,26.3417,5.91268,9280008034577550675,89172
gcc-release,dst,sum,500000,500000,short,before,2,26.6008,5.53238,9280008034577550675,89148
gcc-release,dst,sum,500000,500000,short,after,2,24.8047,5.60268,9280008034577550675,85288
gcc-release,dst,sum,500000,500000,short,after,3,24.3347,4.94501,9280008034577550675,85252
gcc-release,dst,sum,500000,500000,short,before,3,26.442,5.81893,9280008034577550675,89024
gcc-release,dst,sum,500000,500000,short,before,4,27.7689,6.11602,9280008034577550675,89152
gcc-release,dst,sum,500000,500000,short,after,4,26.7717,5.81111,9280008034577550675,85296
gcc-release,dst,sum,500000,500000,short,after,5,26.701,5.53071,9280008034577550675,85256
gcc-release,dst,sum,500000,500000,short,before,5,28.9397,6.4925,9280008034577550675,89180
gcc-release,dst,sum,500000,100,random,before,0,27.9027,0.003222,1600832139740968335,85260
gcc-release,dst,sum,500000,100,random,after,0,25.9324,0.003108,1600832139740968335,81404
gcc-release,dst,sum,500000,100,random,after,1,26.8819,0.002923,1600832139740968335,81392
gcc-release,dst,sum,500000,100,random,before,1,28.5581,0.00381,1600832139740968335,85256
gcc-release,dst,sum,500000,100,random,before,2,28.2241,0.003623,1600832139740968335,85300
gcc-release,dst,sum,500000,100,random,after,2,25.7898,0.002104,1600832139740968335,81404
gcc-release,dst,sum,500000,100,random,after,3,25.284,0.003561,1600832139740968335,81376
gcc-release,dst,sum,500000,100,random,before,3,28.1184,0.003282,1600832139740968335,85296
gcc-release,dst,sum,500000,100,random,before,4,28.6325,0.003573,1600832139740968335,85200
gcc-release,dst,sum,500000,100,random,after,4,26.1285,0.003537,1600832139740968335,81316
gcc-release,dst,sum,500000,100,random,after,5,26.9891,0.003159,1600832139740968335,81304
gcc-release,dst,sum,500000,100,random,before,5,26.1645,0.002187,1600832139740968335,85212
gcc-release,dst,affine,500000,500000,random,before,0,60.6518,10.0053,11025557265200150944,175104
gcc-release,dst,affine,500000,500000,random,after,0,45.8495,9.53984,11025557265200150944,167224
gcc-release,dst,affine,500000,500000,random,after,1,43.0926,9.79279,11025557265200150944,167368
gcc-release,dst,affine,500000,500000,random,before,1,41.7285,8.78624,11025557265200150944,175008
gcc-release,dst,affine,500000,500000,random,before,2,44.5943,9.50013,11025557265200150944,175024
gcc-release,dst,affine,500000,500000,random,after,2,45.7738,9.57036,11025557265200150944,167384
gcc-release,dst,affine,500000,500000,random,after,3,47.5886,10.2025,11025557265200150944,167388
gcc-release,dst,affine,500000,500000,random,before,3,43.1698,9.23436,11025557265200150944,175068
gcc-release,dst,affine,500000,500000,random,before,4,41.6833,8.13196,11025557265200150944,175020
gcc-release,dst,affine,500000,500000,random,after,4,40.4556,8.26106,11025557265200150944,167344
gcc-release,dst,affine,500000,500000,random,after,5,40.1832,8.11976,11025557265200150944,167316
gcc-release,dst,affine,500000,500000,random,before,5,41.731,8.47846,11025557265200150944,175016
gcc-release,dst,affine,500000,500000,short,before,0,43.1981,8.29682,17278716764487211200,175076
gcc-release,dst,affine,500000,500000,short,after,0,40.3846,7.79566,17278716764487211200,167392
gcc-release,dst,affine,500000,500000,short,after,1,39.9956,8.22223,17278716764487211200,167460
gcc-release,dst,affine,500000,500000,short,before,1,42.389,8.18235,17278716764487211200,175108
gcc-release,dst,affine,500000,500000,short,before,2,44.1186,8.73687,17278716764487211200,175112
gcc-release,dst,affine,500000,500000,short,after,2,42.869,8.46269,17278716764487211200,167380
gcc-release,dst,affine,500000,500000,short,after,3,42.5366,9.23887,17278716764487211200,167352
gcc-release,dst,affine,500000,500000,short,before,3,45.6374,8.36172,17278716764487211200,175004
gcc-release,dst,affine,500000,500000,short,before,4,44.2038,8.53257,17278716764487211200,174940
gcc-release,dst,affine,500000,500000,short,after,4,37.7754,8.05016,17278716764487211200,167384
gcc-release,dst,affine,500000,500000,short,after,5,40.496,7.8693,17278716764487211200,167300
gcc-release,dst,affine,500000,500000,short,before,5,40.3891,7.72494,17278716764487211200,175112
gcc-release,dst,affine,500000,100,random,before,0,42.7531,0.003712,17756240319959167362,171212
gcc-release,dst,affine,500000,100,random,after,0,44.629,0.004231,17756240319959167362,163492
gcc-release,dst,affine,500000,100,random,after,1,44.9723,0.003527,17756240319959167362,163492
gcc-release,dst,affine,500000,100,random,before,1,45.9882,0.00451,17756240319959167362,171188
gcc-release,dst,affine,500000,100,random,before,2,45.5757,0.004206,17756240319959167362,171100
gcc-release,dst,affine,500000,100,random,after,2,44.4023,0.003946,17756240319959167362,163568
gcc-release,dst,affine,500000,100,random,after,3,45.3476,0.004367,17756240319959167362,163448
gcc-release,dst,affine,500000,100,random,before,3,46.3789,0.004586,17756240319959167362,171148
gcc-release,dst,affine,500000,100,random,before,4,47.0542,0.004929,17756240319959167362,171216
gcc-release,dst,affine,500000,100,random,after,4,45.0755,0.005855,17756240319959167362,163400
gcc-release,dst,affine,500000,100,random,after,5,43.4099,0.003826,17756240319959167362,163424
gcc-release,dst,affine,500000,100,random,before,5,44.3339,0.004235,17756240319959167362,171216
gcc-release,dst,matrix,500000,500000,random,before,0,155.849,14.4359,12536137626927728898,339152
gcc-release,dst,matrix,500000,500000,random,after,0,121.049,13.5739,12536137626927728898,323508
gcc-release,dst,matrix,500000,500000,random,after,1,121.073,13.8172,12536137626927728898,323432
gcc-release,dst,matrix,500000,500000,random,before,1,122.584,13.6611,12536137626927728898,338992
gcc-release,dst,matrix,500000,500000,random,before,2,121.139,14.4025,12536137626927728898,339148
gcc-release,dst,matrix,500000,500000,random,after,2,122.729,13.8177,12536137626927728898,323608
gcc-release,dst,matrix,500000,500000,random,after,3,118.242,13.1068,12536137626927728898,323412
gcc-release,dst,matrix,500000,500000,random,before,3,130.905,13.9907,12536137626927728898,339052
gcc-release,dst,matrix,500000,500000,random,before,4,125.789,13.9954,12536137626927728898,339156
gcc-release,dst,matrix,500000,500000,random,after,4,126.87,15.1315,12536137626927728898,323420
gcc-release,dst,matrix,500000,500000,random,after,5,128.179,14.0775,12536137626927728898,323412
gcc-release,dst,matrix,500000,500000,random,before,5,124.28,14.8115,12536137626927728898,339096
gcc-release,dst,matrix,500000,500000,short,before,0,132.339,13.3065,16579006819884432526,339112
gcc-release,dst,matrix,500000,500000,short,after,0,123.648,13.2939,16579006819884432526,323528
gcc-release,dst,matrix,500000,500000,short,after,1,123.812,13.4116,16579006819884432526,323516
gcc-release,dst,matrix,500000,500000,short,before,1,123.395,13.49,16579006819884432526,339152
gcc-release,dst,matrix,500000,500000,short,before,2,122.585,13.7457,16579006819884432526,339160
gcc-release,dst,matrix,500000,500000,short,after,2,118.49,12.3666,16579006819884432526,323472
gcc-release,dst,matrix,500000,500000,short,after,3,112.602,12.8722,16579006819884432526,323516
gcc-release,dst,matrix,500000,500000,short,before,3,117.891,13.7074,16579006819884432526,339164
gcc-release,dst,matrix,500000,500000,short,before,4,125.532,13.5721,16579006819884432526,339148
gcc-release,dst,matrix,500000,500000,short,after,4,121.305,13.282,16579006819884432526,323408
gcc-release,dst,matrix,500000,500000,short,after,5,119.058,13.0789,16579006819884432526,323596
gcc-release,dst,matrix,500000,500000,short,before,5,121.887,13.4426,16579006819884432526,339132
gcc-release,dst,matrix,500000,100,random,before,0,124.166,0.006257,17864546153195454504,335240
gcc-release,dst,matrix,500000,100,random,after,0,131.668,0.006079,17864546153195454504,319708
gcc-release,dst,matrix,500000,100,random,after,1,121.012,0.005975,17864546153195454504,319556
gcc-release,dst,matrix,500000,100,random,before,1,126.196,0.005909,17864546153195454504,335116
gcc-release,dst,matrix,500000,100,random,before,2,125.773,0.006355,17864546153195454504,335264
gcc-release,dst,matrix,500000,100,random,after,2,123.331,0.006173,17864546153195454504,319568
gcc-release,dst,matrix,500000,100,random,after,3,121.083,0.005661,17864546153195454504,319588
gcc-release,dst,matrix,500000,100,random,before,3,124.469,0.005858,17864546153195454504,335164
gcc-release,dst,matrix,500000,100,random,before,4,120.149,0.005333,17864546153195454504,335216
gcc-release,dst,matrix,500000,100,random,after,4,116.203,0.005821,17864546153195454504,319572
gcc-release,dst,matrix,500000,100,random,after,5,120.728,0.006284,17864546153195454504,319564
gcc-release,dst,matrix,500000,100,random,before,5,123.725,0.006152,17864546153195454504,335340
gcc-release,dst,min,524289,500000,random,before,0,29.6452,6.23531,5432412596779352430,97172
gcc-release,dst,min,524289,500000,random,after,0,30.3389,6.9927,5432412596779352430,93352
gcc-release,dst,min,524289,500000,random,after,1,27.7309,6.31739,5432412596779352430,93272
gcc-release,dst,min,524289,500000,random,before,1,29.2674,6.29105,5432412596779352430,97132
gcc-release,dst,min,524289,500000,random,before,2,30.4461,6.42474,5432412596779352430,97164
gcc-release,dst,min,524289,500000,random,after,2,28.8764,6.19271,5432412596779352430,93228
gcc-release,dst,min,524289,500000,random,after,3,28.0184,5.71897,5432412596779352430,93180
gcc-release,dst,min,524289,500000,random,before,3,29.3632,6.31952,5432412596779352430,97196
gcc-release,dst,min,524289,500000,random,before,4,29.4567,6.26807,5432412596779352430,97144
gcc-release,dst,min,524289,500000,random,after,4,28.7895,6.32548,5432412596779352430,93176
gcc-release,dst,min,524289,500000,random,after,5,29.4358,6.27917,5432412596779352430,93188
gcc-release,dst,min,524289,500000,random,before,5,30.9215,6.65279,5432412596779352430,97176
gcc-release,dst,min,524289,500000,short,before,0,29.2063,5.79702,9250426491848445360,97128
gcc-release,dst,min,524289,500000,short,after,0,28.3171,5.45126,9250426491848445360,93172
gcc-release,dst,min,524289,500000,short,after,1,27.688,6.1907,9250426491848445360,93004
gcc-release,dst,min,524289,500000,short,before,1,29.4773,6.05168,9250426491848445360,97952
gcc-release,dst,min,524289,500000,short,before,2,29.3524,5.85898,9250426491848445360,97132
gcc-release,dst,min,524289,500000,short,after,2,27.7413,6.13834,9250426491848445360,93288
gcc-release,dst,min,524289,500000,short,after,3,28.4587,5.47192,9250426491848445360,93240
gcc-release,dst,min,524289,500000,short,before,3,29.2888,5.36451,9250426491848445360,97248
gcc-release,dst,min,524289,500000,short,before,4,29.5882,5.46307,9250426491848445360,97248
gcc-release,dst,min,524289,500000,short,after,4,27.2342,5.22344,9250426491848445360,93180
gcc-release,dst,min,524289,500000,short,after,5,27.3024,5.2883,9250426491848445360,93188
gcc-release,dst,min,524289,500000,short,before,5,28.2731,5.65596,9250426491848445360,97136
gcc-release,dst,min,524289,100,random,before,0,30.103,0.002615,4893698954213784555,93172
gcc-release,dst,min,524289,100,random,after,0,28.334,0.002763,4893698954213784555,89348
gcc-release,dst,min,524289,100,random,after,1,28.2542,0.003554,4893698954213784555,89352
gcc-release,dst,min,524289,100,random,before,1,30.6421,0.003176,4893698954213784555,93276
gcc-release,dst,min,524289,100,random,before,2,30.3122,0.004134,4893698954213784555,93140
gcc-release,dst,min,524289,100,random,after,2,28.8562,0.003204,4893698954213784555,89400
gcc-release,dst,min,524289,100,random,after,3,28.1629,0.00322,4893698954213784555,89412
gcc-release,dst,min,524289,100,random,before,3,29.4833,0.003686,4893698954213784555,93256
gcc-release,dst,min,524289,100,random,before,4,30.2175,0.003654,4893698954213784555,93240
gcc-release,dst,min,524289,100,random,after,4,27.9768,0.003259,4893698954213784555,89376
gcc-release,dst,min,524289,100,random,after,5,28.0498,0.003381,4893698954213784555,89340
gcc-release,dst,min,524289,100,random,before,5,29.6547,0.003484,4893698954213784555,93284
gcc-release,dst,sum,524289,500000,random,before,0,28.3112,6.62149,12014905189528964679,97132
gcc-release,dst,sum,524289,500000,random,after,0,26.1377,5.4372,12014905189528964679,93248
gcc-release,dst,sum,524289,500000,random,after,1,27.2965,5.43272,12014905189528964679,93256
gcc-release,dst,sum,524289,500000,random,before,1,28.9144,5.72968,12014905189528964679,97172
gcc-release,dst,sum,524289,500000,random,before,2,28.4673,5.83833,12014905189528964679,97088
gcc-release,dst,sum,524289,500000,random,after,2,30.8959,5.61475,12014905189528964679,93188
gcc-release,dst,sum,524289,500000,random,after,3,27.0985,6.35268,12014905189528964679,93188
gcc-release,dst,sum,524289,500000,random,before,3,31.8455,6.61008,12014905189528964679,97124
gcc-release,dst,sum,524289,500000,random,before,4,29.2403,6.28554,12014905189528964679,97132
gcc-release,dst,sum,524289,500000,random,after,4,26.9436,5.6755,12014905189528964679,93040
gcc-release,dst,sum,524289,500000,random,after,5,28.1704,6.0623,12014905189528964679,93180
gcc-release,dst,sum,524289,500000,random,before,5,30.2392,5.90818,12014905189528964679,97172
gcc-release,dst,sum,524289,500000,short,before,0,28.5237,5.5563,6593724044195525849,97152
gcc-release,dst,sum,524289,500000,short,after,0,26.6519,5.18193,6593724044195525849,93280
gcc-release,dst,sum,524289,500000,short,after,1,26.463,5.31233,6593724044195525849,93000
gcc-release,dst,sum,524289,500000,short,before,1,29.0507,5.49007,6593724044195525849,97248
gcc-release,dst,sum,524289,500000,short,before,2,28.9623,5.6125,6593724044195525849,97172
gcc-release,dst,sum,524289,500000,short,after,2,25.2142,4.71355,6593724044195525849,93208
gcc-release,dst,sum,524289,500000,short,after,3,26.0882,5.57156,6593724044195525849,93268
gcc-release,dst,sum,524289,500000,short,before,3,29.1638,5.58828,6593724044195525849,97176
gcc-release,dst,sum,524289,500000,short,before,4,28.0341,5.60544,6593724044195525849,97124
gcc-release,dst,sum,524289,500000,short,after,4,27.5899,4.79776,6593724044195525849,93356
gcc-release,dst,sum,524289,500000,short,after,5,25.6283,4.97484,6593724044195525849,93232
gcc-release,dst,sum,524289,500000,short,before,5,28.5221,5.23255,6593724044195525849,97140
gcc-release,dst,sum,524289,100,random,before,0,28.7563,0.00329,8314412208803132849,93288
gcc-release,dst,sum,524289,100,random,after,0,27.3119,0.002979,8314412208803132849,89384
gcc-release,dst,sum,524289,100,random,after,1,27.4851,0.003196,8314412208803132849,89300
gcc-release,dst,sum,524289,100,random,before,1,29.1212,0.003641,8314412208803132849,93280
gcc-release,dst,sum,524289,100,random,before,2,28.9234,0.003515,8314412208803132849,93256
gcc-release,dst,sum,524289,100,random,after,2,27.8506,0.003225,8314412208803132849,89292
gcc-release,dst,sum,524289,100,random,after,3,27.3995,0.00311,8314412208803132849,89392
gcc-release,dst,sum,524289,100,random,before,3,28.3878,0.002705,8314412208803132849,93240
gcc-release,dst,sum,524289,100,random,before,4,29.2968,0.003765,8314412208803132849,93276
gcc-release,dst,sum,524289,100,random,after,4,26.6547,0.003706,8314412208803132849,89340
gcc-release,dst,sum,524289,100,random,after,5,27.1339,0.003253,8314412208803132849,89344
gcc-release,dst,sum,524289,100,random,before,5,28.4315,0.003568,8314412208803132849,93292
gcc-release,dst,affine,524289,500000,random,before,0,65.6215,9.11822,11860631975963514010,191476
gcc-release,dst,affine,524289,500000,random,after,0,46.1231,8.74491,11860631975963514010,183176
gcc-release,dst,affine,524289,500000,random,after,1,43.4676,8.61754,11860631975963514010,183204
gcc-release,dst,affine,524289,500000,random,before,1,55.0929,8.71969,11860631975963514010,191492
gcc-release,dst,affine,524289,500000,random,before,2,46.4444,8.81261,11860631975963514010,191528
gcc-release,dst,affine,524289,500000,random,after,2,53.7168,9.33063,11860631975963514010,183276
gcc-release,dst,affine,524289,500000,random,after,3,46.9947,8.94488,11860631975963514010,183280
gcc-release,dst,affine,524289,500000,random,before,3,46.756,9.0426,11860631975963514010,191512
gcc-release,dst,affine,524289,500000,random,before,4,47.818,8.83982,11860631975963514010,191508
gcc-release,dst,affine,524289,500000,random,after,4,45.1354,9.55309,11860631975963514010,183244
gcc-release,dst,affine,524289,500000,random,after,5,44.3433,8.64058,11860631975963514010,183248
gcc-release,dst,affine,524289,500000,random,before,5,46.9633,8.94131,11860631975963514010,191496
gcc-release,dst,affine,524289,500000,short,before,0,50.503,9.33652,15076505305736607098,191528
gcc-release,dst,affine,524289,500000,short,after,0,50.8754,9.07834,15076505305736607098,183272
gcc-release,dst,affine,524289,500000,short,after,1,50.5087,8.59976,15076505305736607098,183244
gcc-release,dst,affine,524289,500000,short,before,1,50.3407,9.15319,15076505305736607098,191484
gcc-release,dst,affine,524289,500000,short,before,2,47.411,8.72309,15076505305736607098,191524
gcc-release,dst,affine,524289,500000,short,after,2,45.6164,8.3617,15076505305736607098,183232
gcc-release,dst,affine,524289,500000,short,after,3,46.4192,8.40999,15076505305736607098,183276
gcc-release,dst,affine,524289,500000,short,before,3,46.6456,8.131,15076505305736607098,191476
gcc-release,dst,affine,524289,500000,short,before,4,46.6418,8.18605,15076505305736607098,191528
gcc-release,dst,affine,524289,500000,short,after,4,45.1279,8.65192,15076505305736607098,183260
gcc-release,dst,affine,524289,500000,short,after,5,46.7049,8.71148,15076505305736607098,183280
gcc-release,dst,affine,524289,500000,short,before,5,47.4931,8.92454,15076505305736607098,191524
gcc-release,dst,affine,524289,100,random,before,0,49.374,0.005436,14275789214696131822,187640
gcc-release,dst,affine,524289,100,random,after,0,48.1095,0.003964,14275789214696131822,179384
gcc-release,dst,affine,524289,100,random,after,1,45.6617,0.005254,14275789214696131822,179276
gcc-release,dst,affine,524289,100,random,before,1,47.7691,0.005812,14275789214696131822,187636
gcc-release,dst,affine,524289,100,random,before,2,49.8779,0.006285,14275789214696131822,187712
gcc-release,dst,affine,524289,100,random,after,2,72.9152,0.005855,14275789214696131822,179384
gcc-release,dst,affine,524289,100,random,after,3,47.0413,0.004812,14275789214696131822,179340
gcc-release,dst,affine,524289,100,random,before,3,48.5507,0.005125,14275789214696131822,187636
gcc-release,dst,affine,524289,100,random,before,4,46.2016,0.00491,14275789214696131822,187640
gcc-release,dst,affine,524289,100,random,after,4,45.1971,0.0041,14275789214696131822,179288
gcc-release,dst,affine,524289,100,random,after,5,46.4089,0.004789,14275789214696131822,179284
gcc-release,dst,affine,524289,100,random,before,5,47.3507,0.004279,14275789214696131822,187540
gcc-release,dst,matrix,524289,500000,random,before,0,175.26,13.7268,16028233840536679478,371500
gcc-release,dst,matrix,524289,500000,random,after,0,128.294,12.9635,16028233840536679478,355080
gcc-release,dst,matrix,524289,500000,random,after,1,125.072,14.9317,16028233840536679478,355076
gcc-release,dst,matrix,524289,500000,random,before,1,128.539,14.2698,16028233840536679478,371616
gcc-release,dst,matrix,524289,500000,random,before,2,136.932,13.7897,16028233840536679478,371652
gcc-release,dst,matrix,524289,500000,random,after,2,128.123,15.1382,16028233840536679478,355216
gcc-release,dst,matrix,524289,500000,random,after,3,131.532,15.644,16028233840536679478,355216
gcc-release,dst,matrix,524289,500000,random,before,3,133.816,14.4479,16028233840536679478,371560
gcc-release,dst,matrix,524289,500000,random,before,4,132.321,15.3671,16028233840536679478,371572
gcc-release,dst,matrix,524289,500000,random,after,4,126.917,13.8003,16028233840536679478,355208
gcc-release,dst,matrix,524289,500000,random,after,5,130.468,14.1973,16028233840536679478,355240
gcc-release,dst,matrix,524289,500000,random,before,5,131.357,13.9643,16028233840536679478,371576
gcc-release,dst,matrix,524289,500000,short,before,0,131.165,13.3949,10935118516001891810,371648
gcc-release,dst,matrix,524289,500000,short,after,0,126.677,13.8069,10935118516001891810,355236
gcc-release,dst,matrix,524289,500000,short,after,1,127.875,13.2101,10935118516001891810,355192
gcc-release,dst,matrix,524289,500000,short,before,1,131.446,14.6783,10935118516001891810,371656
gcc-release,dst,matrix,524289,500000,short,before,2,133.466,14.2963,10935118516001891810,371644
gcc-release,dst,matrix,524289,500000,short,after,2,130.702,13.6498,10935118516001891810,355232
gcc-release,dst,matrix,524289,500000,short,after,3,130.704,14.8713,10935118516001891810,355224
gcc-release,dst,matrix,524289,500000,short,before,3,136.694,15.196,10935118516001891810,371732
gcc-release,dst,matrix,524289,500000,short,before,4,165.615,13.8992,10935118516001891810,371500
gcc-release,dst,matrix,524289,500000,short,after,4,132.285,13.6994,10935118516001891810,355364
gcc-release,dst,matrix,524289,500000,short,after,5,128.284,13.4352,10935118516001891810,355188
gcc-release,dst,matrix,524289,500000,short,before,5,134.243,14.5248,10935118516001891810,371612
gcc-release,dst,matrix,524289,100,random,before,0,129.392,0.006324,10901229608125078770,367768
gcc-release,dst,matrix,524289,100,random,after,0,126.139,0.006563,10901229608125078770,351300
gcc-release,dst,matrix,524289,100,random,after,1,131.748,0.007191,10901229608125078770,351296
gcc-release,dst,matrix,524289,100,random,before,1,128.782,0.006596,10901229608125078770,367764
gcc-release,dst,matrix,524289,100,random,before,2,137.163,0.007206,10901229608125078770,367604
gcc-release,dst,matrix,524289,100,random,after,2,134.443,0.006619,10901229608125078770,351364
gcc-release,dst,matrix,524289,100,random,after,3,130.359,0.007273,10901229608125078770,351348
gcc-release,dst,matrix,524289,100,random,before,3,131.227,0.006854,10901229608125078770,367764
gcc-release,dst,matrix,524289,100,random,before,4,155.635,0.007329,10901229608125078770,367868
gcc-release,dst,matrix,524289,100,random,after,4,132.084,0.007596,10901229608125078770,351344
gcc-release,dst,matrix,524289,100,random,after,5,131.808,0.011109,10901229608125078770,351332
gcc-release,dst,matrix,524289,100,random,before,5,130.127,0.007054,10901229608125078770,367796
clang-release,dst,min,500000,500000,random,before,0,27.2933,6.21396,14290619282437651446,89152
clang-release,dst,min,500000,500000,random,after,0,27.0405,5.60578,14290619282437651446,85148
clang-release,dst,min,500000,500000,random,after,1,26.702,5.86714,14290619282437651446,85164
clang-release,dst,min,500000,500000,random,before,1,27.3181,6.57226,14290619282437651446,89192
clang-release,dst,min,500000,500000,random,before,2,27.1745,5.72316,14290619282437651446,89144
clang-release,dst,min,500000,500000,random,after,2,26.7353,5.97558,14290619282437651446,85136
clang-release,dst,min,500000,500000,random,after,3,26.9153,5.56833,14290619282437651446,85204
clang-release,dst,min,500000,500000,random,before,3,30.316,6.01502,14290619282437651446,89196
clang-release,dst,min,500000,500000,random,before,4,27.3053,6.82768,14290619282437651446,89128
clang-release,dst,min,500000,500000,random,after,4,26.8299,5.95207,14290619282437651446,85164
clang-release,dst,min,500000,500000,random,after,5,26.846,5.87379,14290619282437651446,85232
clang-release,dst,min,500000,500000,random,before,5,28.0693,6.18785,14290619282437651446,89248
clang-release,dst,sum,500000,500000,random,before,0,26.583,5.68749,17032039528712304763,89184
clang-release,dst,sum,500000,500000,random,after,0,26.7886,6.39777,17032039528712304763,85232
clang-release,dst,sum,500000,500000,random,after,1,27.8576,6.2078,17032039528712304763,85220
clang-release,dst,sum,500000,500000,random,before,1,27.4497,5.83021,17032039528712304763,89180
clang-release,dst,sum,500000,500000,random,before,2,26.6821,5.43227,17032039528712304763,89180
clang-release,dst,sum,500000,500000,random,after,2,26.9481,5.47022,17032039528712304763,85248
clang-release,dst,sum,500000,500000,random,after,3,27.0338,7.30215,17032039528712304763,85204
clang-release,dst,sum,500000,500000,random,before,3,26.8792,5.65632,17032039528712304763,89152
clang-release,dst,sum,500000,500000,random,before,4,26.3692,5.53404,17032039528712304763,89160
clang-release,dst,sum,500000,500000,random,after,4,25.9833,4.9385,17032039528712304763,85280
clang-release,dst,sum,500000,500000,random,after,5,26.303,4.69607,17032039528712304763,85340
clang-release,dst,sum,500000,500000,random,before,5,25.1496,5.081,17032039528712304763,89180
clang-release,dst,affine,500000,500000,random,before,0,58.8833,7.574,11025557265200150944,175064
clang-release,dst,affine,500000,500000,random,after,0,40.4551,8.08622,11025557265200150944,167304
clang-release,dst,affine,500000,500000,random,after,1,42.2651,9.77983,11025557265200150944,167380
clang-release,dst,affine,500000,500000,random,before,1,43.8077,8.69843,11025557265200150944,175064
clang-release,dst,affine,500000,500000,random,before,2,43.1852,8.68412,11025557265200150944,175128
clang-release,dst,affine,500000,500000,random,after,2,41.801,9.25285,11025557265200150944,167240
clang-release,dst,affine,500000,500000,random,after,3,45.1967,8.86231,11025557265200150944,167312
clang-release,dst,affine,500000,500000,random,before,3,43.5319,9.36354,11025557265200150944,175100
clang-release,dst,affine,500000,500000,random,before,4,46.0919,8.96832,11025557265200150944,175076
clang-release,dst,affine,500000,500000,random,after,4,43.0729,8.97771,11025557265200150944,167252
clang-release,dst,affine,500000,500000,random,after,5,40.333,9.14673,11025557265200150944,167320
clang-release,dst,affine,500000,500000,random,before,5,44.91,8.89048,11025557265200150944,175072
clang-release,dst,matrix,500000,500000,random,before,0,163.225,15.5186,12536137626927728898,339148
clang-release,dst,matrix,500000,500000,random,after,0,144.062,13.8966,12536137626927728898,323428
clang-release,dst,matrix,500000,500000,random,after,1,121.607,14.3385,12536137626927728898,323472
clang-release,dst,matrix,500000,500000,random,before,1,130.796,17.7036,12536137626927728898,339048
clang-release,dst,matrix,500000,500000,random,before,2,129.788,14.0459,12536137626927728898,339148
clang-release,dst,matrix,500000,500000,random,after,2,124.142,16.094,12536137626927728898,323432
clang-release,dst,matrix,500000,500000,random,after,3,122.228,16.4602,12536137626927728898,323552
clang-release,dst,matrix,500000,500000,random,before,3,128.438,15.9867,12536137626927728898,339140
clang-release,dst,matrix,500000,500000,random,before,4,134.46,16.0099,12536137626927728898,339128
clang-release,dst,matrix,500000,500000,random,after,4,134.697,17.4006,12536137626927728898,323432
clang-release,dst,matrix,500000,500000,random,after,5,130.301,16.0675,12536137626927728898,323388
clang-release,dst,matrix,500000,500000,random,before,5,135.346,17.9143,12536137626927728898,339208
clang-release,dst,min,524289,500000,random,before,0,30.7822,6.83547,5432412596779352430,97160
clang-release,dst,min,524289,500000,random,after,0,29.2431,6.13296,5432412596779352430,93212
clang-release,dst,min,524289,500000,random,after,1,29.8725,6.28277,5432412596779352430,93300
clang-release,dst,min,524289,500000,random,before,1,29.5982,5.95789,5432412596779352430,97128
clang-release,dst,min,524289,500000,random,before,2,29.2195,5.81301,5432412596779352430,97172
clang-release,dst,min,524289,500000,random,after,2,28.6429,6.42174,5432412596779352430,93144
clang-release,dst,min,524289,500000,random,after,3,31.2707,7.84934,5432412596779352430,93260
clang-release,dst,min,524289,500000,random,before,3,31.6427,7.65083,5432412596779352430,97224
clang-release,dst,min,524289,500000,random,before,4,32.2539,7.53143,5432412596779352430,97024
clang-release,dst,min,524289,500000,random,after,4,31.9472,7.03302,5432412596779352430,93212
clang-release,dst,min,524289,500000,random,after,5,30.5486,6.72399,5432412596779352430,93260
clang-release,dst,min,524289,500000,random,before,5,29.6602,6.2372,5432412596779352430,97132
clang-release,dst,sum,524289,500000,random,before,0,28.4596,6.18952,12014905189528964679,97160
clang-release,dst,sum,524289,500000,random,after,0,28.8291,5.51355,12014905189528964679,93208
clang-release,dst,sum,524289,500000,random,after,1,28.9969,5.63459,12014905189528964679,93180
clang-release,dst,sum,524289,500000,random,before,1,28.2914,5.60433,12014905189528964679,97164
clang-release,dst,sum,524289,500000,random,before,2,28.4984,5.3738,12014905189528964679,97124
clang-release,dst,sum,524289,500000,random,after,2,27.6413,5.89193,12014905189528964679,93304
clang-release,dst,sum,524289,500000,random,after,3,35.6426,7.89008,12014905189528964679,93244
clang-release,dst,sum,524289,500000,random,before,3,31.0939,7.8955,12014905189528964679,97032
clang-release,dst,sum,524289,500000,random,before,4,31.1047,6.90833,12014905189528964679,97208
clang-release,dst,sum,524289,500000,random,after,4,30.5133,6.95803,12014905189528964679,93204
clang-release,dst,sum,524289,500000,random,after,5,29.7146,6.23992,12014905189528964679,93180
clang-release,dst,sum,524289,500000,random,before,5,29.9472,6.29821,12014905189528964679,97832
clang-release,dst,affine,524289,500000,random,before,0,46.8388,9.65942,11860631975963514010,191476
clang-release,dst,affine,524289,500000,random,after,0,45.3604,9.11904,11860631975963514010,183272
clang-release,dst,affine,524289,500000,random,after,1,47.0781,9.73688,11860631975963514010,183264
clang-release,dst,affine,524289,500000,random,before,1,52.5686,10.2026,11860631975963514010,191352
clang-release,dst,affine,524289,500000,random,before,2,55.2517,10.6854,11860631975963514010,191636
clang-release,dst,affine,524289,500000,random,after,2,51.0525,10.167,11860631975963514010,183196
clang-release,dst,affine,524289,500000,random,after,3,52.0128,10.9363,11860631975963514010,183196
clang-release,dst,affine,524289,500000,random,before,3,92.5664,10.0572,11860631975963514010,191384
clang-release,dst,affine,524289,500000,random,before,4,50.4712,9.08996,11860631975963514010,191516
clang-release,dst,affine,524289,500000,random,after,4,45.9815,9.17723,11860631975963514010,183212
clang-release,dst,affine,524289,500000,random,after,5,45.5935,10.1209,11860631975963514010,183216
clang-release,dst,affine,524289,500000,random,before,5,48.5352,9.91403,11860631975963514010,191524
clang-release,dst,matrix,524289,500000,random,before,0,173.942,14.7259,16028233840536679478,371712
clang-release,dst,matrix,524289,500000,random,after,0,124.421,12.9929,16028233840536679478,355144
clang-release,dst,matrix,524289,500000,random,after,1,131.386,16.221,16028233840536679478,355360
clang-release,dst,matrix,524289,500000,random,before,1,139.219,14.5042,16028233840536679478,371628
clang-release,dst,matrix,524289,500000,random,before,2,144.79,18.4544,16028233840536679478,371652
clang-release,dst,matrix,524289,500000,random,after,2,139.741,17.7116,16028233840536679478,355244
clang-release,dst,matrix,524289,500000,random,after,3,138.592,20.7071,16028233840536679478,355232
clang-release,dst,matrix,524289,500000,random,before,3,147.185,16.17,16028233840536679478,371648
clang-release,dst,matrix,524289,500000,random,before,4,130.138,13.8277,16028233840536679478,371616
clang-release,dst,matrix,524289,500000,random,after,4,153.359,14.0893,16028233840536679478,355328
clang-release,dst,matrix,524289,500000,random,after,5,130.224,14.8683,16028233840536679478,355232
clang-release,dst,matrix,524289,500000,random,before,5,140.587,16.4073,16028233840536679478,371712
gcc-assert,dst,min,500000,500000,random,before,0,28.6739,7.64052,14290619282437651446,89148
gcc-assert,dst,min,500000,500000,random,after,0,27.5532,10.3662,14290619282437651446,85284
gcc-assert,dst,min,500000,500000,random,after,1,32.0742,9.39696,14290619282437651446,85200
gcc-assert,dst,min,500000,500000,random,before,1,31.8423,9.21707,14290619282437651446,89188
gcc-assert,dst,min,500000,500000,random,before,2,29.1125,9.74775,14290619282437651446,89148
gcc-assert,dst,min,500000,500000,random,after,2,27.6287,8.69503,14290619282437651446,85296
gcc-assert,dst,min,500000,500000,random,after,3,27.6195,10.6568,14290619282437651446,85200
gcc-assert,dst,min,500000,500000,random,before,3,29.4788,8.77237,14290619282437651446,89144
gcc-assert,dst,min,500000,500000,random,before,4,29.9254,9.059,14290619282437651446,89172
gcc-assert,dst,min,500000,500000,random,after,4,27.2796,8.79334,14290619282437651446,85236
gcc-assert,dst,min,500000,500000,random,after,5,27.6939,9.39085,14290619282437651446,85268
gcc-assert,dst,min,500000,500000,random,before,5,30.8419,8.93998,14290619282437651446,89184
gcc-assert,dst,affine,500000,500000,random,before,0,50.7303,12.3653,11025557265200150944,175012
gcc-assert,dst,affine,500000,500000,random,after,0,45.6002,12.4882,11025557265200150944,167340
gcc-assert,dst,affine,500000,500000,random,after,1,45.268,12.4971,11025557265200150944,167284
gcc-assert,dst,affine,500000,500000,random,before,1,50.1062,11.2148,11025557265200150944,175184
gcc-assert,dst,affine,500000,500000,random,before,2,79.3919,12.8736,11025557265200150944,175108
gcc-assert,dst,affine,500000,500000,random,after,2,45.3524,12.763,11025557265200150944,167232
gcc-assert,dst,affine,500000,500000,random,after,3,43.7462,11.3134,11025557265200150944,167388
gcc-assert,dst,affine,500000,500000,random,before,3,43.0246,10.5742,11025557265200150944,175184
gcc-assert,dst,affine,500000,500000,random,before,4,42.2962,10.6225,11025557265200150944,175020
gcc-assert,dst,affine,500000,500000,random,after,4,41.7283,10.9525,11025557265200150944,167228
gcc-assert,dst,affine,500000,500000,random,after,5,41.2207,11.4985,11025557265200150944,167324
gcc-assert,dst,affine,500000,500000,random,before,5,42.5657,10.9913,11025557265200150944,175184
gcc-assert,dst,min,524289,500000,random,before,0,31.3768,7.98734,5432412596779352430,97176
gcc-assert,dst,min,524289,500000,random,after,0,28.3735,8.40467,5432412596779352430,93276
gcc-assert,dst,min,524289,500000,random,after,1,27.2057,7.66788,5432412596779352430,93204
gcc-assert,dst,min,524289,500000,random,before,1,29.9101,7.28866,5432412596779352430,97132
gcc-assert,dst,min,524289,500000,random,before,2,29.9415,7.24967,5432412596779352430,97180
gcc-assert,dst,min,524289,500000,random,after,2,27.5746,7.67336,5432412596779352430,93188
gcc-assert,dst,min,524289,500000,random,after,3,28.3065,7.59515,5432412596779352430,93256
gcc-assert,dst,min,524289,500000,random,before,3,31.4071,9.1893,5432412596779352430,97168
gcc-assert,dst,min,524289,500000,random,before,4,30.9863,7.94238,5432412596779352430,97180
gcc-assert,dst,min,524289,500000,random,after,4,29.1056,8.70215,5432412596779352430,93224
gcc-assert,dst,min,524289,500000,random,after,5,28.4415,8.53873,5432412596779352430,93276
gcc-assert,dst,min,524289,500000,random,before,5,29.9066,7.78226,5432412596779352430,97072
gcc-assert,dst,affine,524289,500000,random,before,0,50.5712,10.9693,11860631975963514010,191508
gcc-assert,dst,affine,524289,500000,random,after,0,44.4605,10.949,11860631975963514010,183232
gcc-assert,dst,affine,524289,500000,random,after,1,44.5508,11.2703,11860631975963514010,183360
gcc-assert,dst,affine,524289,500000,random,before,1,47.6228,10.7005,11860631975963514010,191524
gcc-assert,dst,affine,524289,500000,random,before,2,46.0206,11.5714,11860631975963514010,191428
gcc-assert,dst,affine,524289,500000,random,after,2,44.4315,11.0229,11860631975963514010,183192
gcc-assert,dst,affine,524289,500000,random,after,3,44.1284,10.9745,11860631975963514010,183276
gcc-assert,dst,affine,524289,500000,random,before,3,52.0955,10.7117,11860631975963514010,191528
gcc-assert,dst,affine,524289,500000,random,before,4,47.732,10.5651,11860631975963514010,191528
gcc-assert,dst,affine,524289,500000,random,after,4,53.9434,12.8841,11860631975963514010,183176
gcc-assert,dst,affine,524289,500000,random,after,5,52.3146,13.7935,11860631975963514010,183260
gcc-assert,dst,affine,524289,500000,random,before,5,61.4044,14.6688,11860631975963514010,191540
