experiment,family,shape,scalar,mode,compiler,metric,reference,subject,reference_median_ns,reference_min_ns,reference_max_ns,subject_median_ns,subject_min_ns,subject_max_ns,delta_percent
dense-assert,dsu,random,u64,assert,g++,build_ns,acl,blueberry,153807,133447,159374,146122,135706,182441,-4.996521614750959
dense-assert,dsu,random,u64,assert,g++,query_ns,acl,blueberry,2012069,1703095,2399276,2108666,1578577,2402651,4.8008790951006075
dense-assert,dsu,random,u64,assert,g++,same_ns,acl,blueberry,1587067,1251720,1721383,1493584,1077061,1635304,-5.890299527367149
dense-assert,dsu,random,u64,assert,g++,size_ns,acl,blueberry,451375,424274,700220,536861,494539,909067,18.93901966214344
dense-assert,dsu,random,u64,assert,g++,update_ns,acl,blueberry,3327413,3263081,7212377,3291404,3128502,4994458,-1.082192081355693
dense-assert,dsu,random,u64,assert,clang++,build_ns,acl,blueberry,140506,133070,190360,129675,112765,182330,-7.708567605653849
dense-assert,dsu,random,u64,assert,clang++,query_ns,acl,blueberry,2915482,2828648,3136288,2702064,2652878,4858351,-7.320161812009129
dense-assert,dsu,random,u64,assert,clang++,same_ns,acl,blueberry,2119746,2044742,2379927,1930887,1843648,3559929,-8.909510856489412
dense-assert,dsu,random,u64,assert,clang++,size_ns,acl,blueberry,761873,751338,831908,809230,768320,1636017,6.215865373887763
dense-assert,dsu,random,u64,assert,clang++,update_ns,acl,blueberry,4276896,4217349,5077383,4141324,3962070,4398122,-3.1698689890986342
dense-assert,dsu,clustered,u64,assert,g++,build_ns,acl,blueberry,188439,143823,192990,137123,129872,181500,-27.2321547025828
dense-assert,dsu,clustered,u64,assert,g++,query_ns,acl,blueberry,2093586,1899045,2452663,1940446,1848281,5138835,-7.314722203912327
dense-assert,dsu,clustered,u64,assert,g++,same_ns,acl,blueberry,1484331,1403931,1751389,1285610,1246768,4085170,-13.387916846040405
dense-assert,dsu,clustered,u64,assert,g++,size_ns,acl,blueberry,609255,495114,701274,654257,601513,1053665,7.386398141993089
dense-assert,dsu,clustered,u64,assert,g++,update_ns,acl,blueberry,3062811,2848706,4320261,2925550,2793089,5313163,-4.48153673210655
dense-assert,dsu,clustered,u64,assert,clang++,build_ns,acl,blueberry,243415,137744,469388,115129,112464,178743,-52.702586118357544
dense-assert,dsu,clustered,u64,assert,clang++,query_ns,acl,blueberry,3130661,3093950,3244555,3321984,3233611,4385405,6.111265320646342
dense-assert,dsu,clustered,u64,assert,clang++,same_ns,acl,blueberry,2289724,2191245,2359509,2196317,2107756,3517503,-4.079399962615582
dense-assert,dsu,clustered,u64,assert,clang++,size_ns,acl,blueberry,835697,817889,993252,1080910,867902,1189907,29.342333405528564
dense-assert,dsu,clustered,u64,assert,clang++,update_ns,acl,blueberry,4068233,3970111,6220622,4332359,3790956,5624245,6.492401000630976
dense-assert,fenwick,random,u64,assert,g++,build_ns,acl,blueberry,288237,269188,366086,379762,283237,497079,31.75338350038337
dense-assert,fenwick,random,u64,assert,g++,get_ns,acl,blueberry,5631566,5306816,7261216,2094357,2053841,2338165,-62.810397676241394
dense-assert,fenwick,random,u64,assert,g++,initialization_ns,acl,blueberry,878066,776748,907617,822671,816550,907488,-6.308751278377711
dense-assert,fenwick,random,u64,assert,g++,query_ns,acl,blueberry,11240519,10794778,13477319,7908480,7562963,11164129,-29.643106336993874
dense-assert,fenwick,random,u64,assert,g++,range_ns,acl,blueberry,5680299,5487962,6300195,5637073,5509122,9080338,-0.7609810680740625
dense-assert,fenwick,random,u64,assert,g++,update_ns,acl,blueberry,4620313,4216434,4712018,4455078,4113305,4801625,-3.5762728628991103
dense-assert,fenwick,random,u64,assert,clang++,build_ns,acl,blueberry,334413,330109,442951,293028,265026,309802,-12.375416027486974
dense-assert,fenwick,random,u64,assert,clang++,get_ns,acl,blueberry,5740465,5338956,5940716,1990903,1947431,2398685,-65.31808834301751
dense-assert,fenwick,random,u64,assert,clang++,initialization_ns,acl,blueberry,776875,762695,1209855,791479,765508,984853,1.8798390989541502
dense-assert,fenwick,random,u64,assert,clang++,query_ns,acl,blueberry,11296673,10858287,11988916,7606110,7505040,8068609,-32.66946825848637
dense-assert,fenwick,random,u64,assert,clang++,range_ns,acl,blueberry,5556208,5518016,6095249,5658656,5514137,5669924,1.8438474585544595
dense-assert,fenwick,random,u64,assert,clang++,update_ns,acl,blueberry,4634694,4537610,5216361,4400903,4199244,4970415,-5.044367546163786
dense-assert,fenwick,sequential,u64,assert,g++,build_ns,acl,blueberry,294039,255378,634658,262168,255151,413435,-10.839038358857156
dense-assert,fenwick,sequential,u64,assert,g++,get_ns,acl,blueberry,2079424,1776261,2259247,369405,332155,405910,-82.2352247545474
dense-assert,fenwick,sequential,u64,assert,g++,initialization_ns,acl,blueberry,838856,806565,1357991,898016,804929,952350,7.052461924335041
dense-assert,fenwick,sequential,u64,assert,g++,query_ns,acl,blueberry,6627537,5738927,6698798,4739962,4639565,5171429,-28.480791582151866
dense-assert,fenwick,sequential,u64,assert,g++,range_ns,acl,blueberry,4439551,3962666,4590370,4334052,4285451,4839274,-2.3763439140579767
dense-assert,fenwick,sequential,u64,assert,g++,update_ns,acl,blueberry,1663284,1625766,1894200,1925399,1721659,2004720,15.75888423143612
dense-assert,fenwick,sequential,u64,assert,clang++,build_ns,acl,blueberry,310457,280921,425852,316998,271558,428305,2.10689403041322
dense-assert,fenwick,sequential,u64,assert,clang++,get_ns,acl,blueberry,1760553,1669564,2301936,324080,309501,388896,-81.59214746730147
dense-assert,fenwick,sequential,u64,assert,clang++,initialization_ns,acl,blueberry,780979,758394,815554,858530,780855,1248140,9.929972508863871
dense-assert,fenwick,sequential,u64,assert,clang++,query_ns,acl,blueberry,6059065,5795244,6908738,4590303,4355456,5487023,-24.240736813353216
dense-assert,fenwick,sequential,u64,assert,clang++,range_ns,acl,blueberry,4293705,4034691,4606802,4217090,4045955,5135255,-1.7843564008239943
dense-assert,fenwick,sequential,u64,assert,clang++,update_ns,acl,blueberry,2704168,2637771,3254362,1838034,1809111,2174159,-32.029592835948065
dense-assert,segment-tree,random,u64,assert,g++,build_ns,acl,blueberry,1025177,928148,1176107,1067261,856085,1330315,4.10504722599121
dense-assert,segment-tree,random,u64,assert,g++,get_ns,acl,blueberry,182938,172041,254612,208120,176375,531934,13.765319397828769
dense-assert,segment-tree,random,u64,assert,g++,query_ns,acl,blueberry,26119289,24874169,27051880,27065465,25347818,32074990,3.6225182086694563
dense-assert,segment-tree,random,u64,assert,g++,range_ns,acl,blueberry,25864677,24691869,26813971,26889090,25139698,31641664,3.9606641907803386
dense-assert,segment-tree,random,u64,assert,g++,update_ns,acl,blueberry,24280604,23368813,26338922,23716676,23180517,26512355,-2.322545188744074
dense-assert,segment-tree,random,u64,assert,clang++,build_ns,acl,blueberry,965020,889879,1597768,1061248,800047,1618478,9.971606806076561
dense-assert,segment-tree,random,u64,assert,clang++,get_ns,acl,blueberry,169997,158341,352667,201623,156550,205624,18.60385771513615
dense-assert,segment-tree,random,u64,assert,clang++,query_ns,acl,blueberry,28029911,26677571,29431960,27926673,25883614,29865796,-0.3683136917559282
dense-assert,segment-tree,random,u64,assert,clang++,range_ns,acl,blueberry,27870352,26449564,29273619,27723568,25681991,29664422,-0.5266671909992415
dense-assert,segment-tree,random,u64,assert,clang++,update_ns,acl,blueberry,5323870,5147545,6657997,4805167,4122535,6462907,-9.742968930496055
dense-assert,segment-tree,sequential,u64,assert,g++,build_ns,acl,blueberry,1495354,860811,1769171,924595,812448,1376202,-38.16882156332213
dense-assert,segment-tree,sequential,u64,assert,g++,get_ns,acl,blueberry,228313,149607,384016,177144,153554,191326,-22.411776815161645
dense-assert,segment-tree,sequential,u64,assert,g++,query_ns,acl,blueberry,19702222,18947555,22383374,20063891,19439454,21624643,1.8356761993647108
dense-assert,segment-tree,sequential,u64,assert,g++,range_ns,acl,blueberry,19473909,18797948,21999358,19872565,19262310,21449586,2.047128801926723
dense-assert,segment-tree,sequential,u64,assert,g++,update_ns,acl,blueberry,25906265,24145820,28728846,25826375,23317273,27295988,-0.30838100359121823
dense-assert,segment-tree,sequential,u64,assert,clang++,build_ns,acl,blueberry,979247,886591,1225938,824459,706936,1447138,-15.806839336755695
dense-assert,segment-tree,sequential,u64,assert,clang++,get_ns,acl,blueberry,161927,141923,176817,156499,112495,281163,-3.3521278106801167
dense-assert,segment-tree,sequential,u64,assert,clang++,query_ns,acl,blueberry,21880566,21014676,22205813,21460065,20515641,23365907,-1.9218012916119243
dense-assert,segment-tree,sequential,u64,assert,clang++,range_ns,acl,blueberry,21738643,20850734,22062288,21296113,20359142,23084744,-2.0356836440986625
dense-assert,segment-tree,sequential,u64,assert,clang++,update_ns,acl,blueberry,4587775,4494018,5216096,3428798,3343987,3675795,-25.26228945403818
dense-release,dsu,random,u64,release,g++,build_ns,acl,blueberry,154361,134432,156984,162325,147637,200082,5.159334287805861
dense-release,dsu,random,u64,release,g++,query_ns,acl,blueberry,1353098,1321341,1446881,1535239,1392210,1858346,13.461035342598993
dense-release,dsu,random,u64,release,g++,same_ns,acl,blueberry,947865,931273,1033559,1106641,995773,1234566,16.75090862095341
dense-release,dsu,random,u64,release,g++,size_ns,acl,blueberry,406806,384304,413322,436136,388318,751705,7.209824830508893
dense-release,dsu,random,u64,release,g++,update_ns,acl,blueberry,3211401,3109351,3342886,3429423,3022044,3900063,6.788999567478493
dense-release,dsu,random,u64,release,clang++,build_ns,acl,blueberry,166958,152020,251488,135885,113920,229637,-18.611267504402306
dense-release,dsu,random,u64,release,clang++,query_ns,acl,blueberry,3232619,3129196,3823547,2614952,2603868,2987497,-19.107324432604024
dense-release,dsu,random,u64,release,clang++,same_ns,acl,blueberry,2370009,2249559,2812072,1813573,1785435,1914645,-23.478223078477754
dense-release,dsu,random,u64,release,clang++,size_ns,acl,blueberry,879637,862610,1037267,829517,761956,1173924,-5.697804889971659
dense-release,dsu,random,u64,release,clang++,update_ns,acl,blueberry,5363210,4055443,6499882,4059845,3855006,4539434,-24.30195722337928
dense-release,dsu,clustered,u64,release,g++,build_ns,acl,blueberry,180808,155323,353043,162464,133487,239928,-10.145568780142467
dense-release,dsu,clustered,u64,release,g++,query_ns,acl,blueberry,1565123,1517907,1755669,1590764,1480276,1870080,1.6382737970114913
dense-release,dsu,clustered,u64,release,g++,same_ns,acl,blueberry,1089674,1036173,1124169,1029675,994917,1186196,-5.506142203998632
dense-release,dsu,clustered,u64,release,g++,size_ns,acl,blueberry,481734,475449,658129,561089,474665,683884,16.472783735422446
dense-release,dsu,clustered,u64,release,g++,update_ns,acl,blueberry,2974655,2825381,3585743,2842574,2783075,3364758,-4.440212394378507
dense-release,dsu,clustered,u64,release,clang++,build_ns,acl,blueberry,163287,146428,209491,131977,130369,454524,-19.174827144843132
dense-release,dsu,clustered,u64,release,clang++,query_ns,acl,blueberry,3417245,3296095,3851077,3038094,2716849,3697654,-11.095224369338464
dense-release,dsu,clustered,u64,release,clang++,same_ns,acl,blueberry,2413524,2355322,2888039,2054154,1912654,2517745,-14.889845719371342
dense-release,dsu,clustered,u64,release,clang++,size_ns,acl,blueberry,952137,940773,1003721,875063,804195,1179909,-8.09484349416103
dense-release,dsu,clustered,u64,release,clang++,update_ns,acl,blueberry,4067830,3829964,4554800,3888286,3548810,4408326,-4.4137537704378005
dense-release,fenwick,random,u64,release,g++,build_ns,acl,blueberry,376368,311003,411182,304416,278252,336029,-19.11745950771585
dense-release,fenwick,random,u64,release,g++,get_ns,acl,blueberry,5468340,5087708,6244696,1984726,1916205,2250851,-63.705146351543604
dense-release,fenwick,random,u64,release,g++,initialization_ns,acl,blueberry,800198,768129,869332,805781,781588,940547,0.6977023186761189
dense-release,fenwick,random,u64,release,g++,query_ns,acl,blueberry,11418448,10469991,12911940,7833419,7374239,9592732,-31.3968150487702
dense-release,fenwick,random,u64,release,g++,range_ns,acl,blueberry,5754450,5382283,7443600,5622027,5389513,7387669,-2.3012277454839247
dense-release,fenwick,random,u64,release,g++,update_ns,acl,blueberry,4399040,4224533,4857429,4608481,4155058,4730162,4.761061504328223
dense-release,fenwick,random,u64,release,clang++,build_ns,acl,blueberry,329832,265457,374601,332846,285646,2555163,0.9137985398627091
dense-release,fenwick,random,u64,release,clang++,get_ns,acl,blueberry,5334635,5189570,6236160,2100572,1980623,2277759,-60.62388523301032
dense-release,fenwick,random,u64,release,clang++,initialization_ns,acl,blueberry,839561,779272,869065,828865,810519,878360,-1.273999149555538
dense-release,fenwick,random,u64,release,clang++,query_ns,acl,blueberry,11747690,10860153,12808076,8150531,7863046,8469697,-30.620138937952913
dense-release,fenwick,random,u64,release,clang++,range_ns,acl,blueberry,6413055,5670583,6659037,5971954,5762474,6489074,-6.878172727350695
dense-release,fenwick,random,u64,release,clang++,update_ns,acl,blueberry,4368194,4230455,5030271,4808626,4491698,5511313,10.082702370819607
dense-release,fenwick,sequential,u64,release,g++,build_ns,acl,blueberry,255399,252808,353870,350449,262639,477839,37.216277275948606
dense-release,fenwick,sequential,u64,release,g++,get_ns,acl,blueberry,1772883,1733020,1908431,332329,273485,399738,-81.2548825839043
dense-release,fenwick,sequential,u64,release,g++,initialization_ns,acl,blueberry,816801,781463,891001,789300,754384,820019,-3.3669155645010274
dense-release,fenwick,sequential,u64,release,g++,query_ns,acl,blueberry,5684711,5656412,5813489,4392891,4247880,4951741,-22.724462158234605
dense-release,fenwick,sequential,u64,release,g++,range_ns,acl,blueberry,3936337,3880952,4040606,3993153,3959905,4613883,1.4433723535357768
dense-release,fenwick,sequential,u64,release,g++,update_ns,acl,blueberry,1685812,1636038,1853909,1701814,1691501,1952156,0.9492161640799912
dense-release,fenwick,sequential,u64,release,clang++,build_ns,acl,blueberry,317198,250615,3214051,325795,251361,424425,2.7102945163588688
dense-release,fenwick,sequential,u64,release,clang++,get_ns,acl,blueberry,1991868,1806092,2769326,265238,239955,296059,-86.6839569690361
dense-release,fenwick,sequential,u64,release,clang++,initialization_ns,acl,blueberry,829165,813249,2506932,789620,781515,1106799,-4.769255817599638
dense-release,fenwick,sequential,u64,release,clang++,query_ns,acl,blueberry,6259576,6048756,6835204,4467383,4344834,6231763,-28.631220389368227
dense-release,fenwick,sequential,u64,release,clang++,range_ns,acl,blueberry,4222569,4065878,4479311,4227428,4082027,5966525,0.1150721278918132
dense-release,fenwick,sequential,u64,release,clang++,update_ns,acl,blueberry,1958506,1804916,2969795,1916058,1863113,2276601,-2.167366349656319
dense-release,segment-tree,random,u64,release,g++,build_ns,acl,blueberry,1680854,1257586,2791263,1401871,1031420,2949767,-16.59769379137034
dense-release,segment-tree,random,u64,release,g++,get_ns,acl,blueberry,207561,181799,209061,687180,205381,736424,231.0737566305809
dense-release,segment-tree,random,u64,release,g++,query_ns,acl,blueberry,26559695,24253773,33222419,28833943,26396210,37352877,8.562779052997405
dense-release,segment-tree,random,u64,release,g++,range_ns,acl,blueberry,26352134,24071974,33013358,28097519,26190829,36640614,6.623315591822654
dense-release,segment-tree,random,u64,release,g++,update_ns,acl,blueberry,26569994,23593126,29327242,25537175,25065079,28680931,-3.887163090815904
dense-release,segment-tree,random,u64,release,clang++,build_ns,acl,blueberry,1093666,916279,3033241,870326,710029,1107898,-20.421225492975005
dense-release,segment-tree,random,u64,release,clang++,get_ns,acl,blueberry,173287,155607,196938,188818,148882,417415,8.962588076428112
dense-release,segment-tree,random,u64,release,clang++,query_ns,acl,blueberry,25343305,24877405,26589237,26138467,25270801,28263900,3.137562366076563
dense-release,segment-tree,random,u64,release,clang++,range_ns,acl,blueberry,25170018,24681980,26392299,25721052,25070886,28080623,2.189247540466588
dense-release,segment-tree,random,u64,release,clang++,update_ns,acl,blueberry,5617497,5444192,6505893,4534034,4039121,4848431,-19.28729111915859
dense-release,segment-tree,sequential,u64,release,g++,build_ns,acl,blueberry,1333624,792290,3248562,1000481,797409,1144805,-24.980279299112794
dense-release,segment-tree,sequential,u64,release,g++,get_ns,acl,blueberry,158676,95838,559121,143299,93874,716904,-9.690816506592048
dense-release,segment-tree,sequential,u64,release,g++,query_ns,acl,blueberry,18441760,18186042,22330836,18515095,18182459,22874966,0.3976572734923245
dense-release,segment-tree,sequential,u64,release,g++,range_ns,acl,blueberry,18283084,18000953,21771715,18359167,18088585,22158062,0.4161387652105164
dense-release,segment-tree,sequential,u64,release,g++,update_ns,acl,blueberry,24017423,23340047,30547004,23847972,23368444,24614395,-0.7055336453040795
dense-release,segment-tree,sequential,u64,release,clang++,build_ns,acl,blueberry,1175140,882176,2613768,910604,802676,1126499,-22.511019963578804
dense-release,segment-tree,sequential,u64,release,clang++,get_ns,acl,blueberry,150396,122083,166810,144346,101997,337266,-4.022713370036435
dense-release,segment-tree,sequential,u64,release,clang++,query_ns,acl,blueberry,19358582,19020489,20328821,21295612,20476100,26345758,10.006053129304625
dense-release,segment-tree,sequential,u64,release,clang++,range_ns,acl,blueberry,19222665,18867200,20162011,21140867,20374103,26217139,9.978855689364607
dense-release,segment-tree,sequential,u64,release,clang++,update_ns,acl,blueberry,4486153,4360895,7218396,3335114,3236100,3374605,-25.657595717310578
dynamic-fenwick-assert,dynamic-fenwick,broad,u64,assert,g++,build_ns,baseline,candidate,2127,1438,2520,1571,1164,2188,-26.140103432063945
dynamic-fenwick-assert,dynamic-fenwick,broad,u64,assert,g++,get_ns,baseline,candidate,235663150,229228491,268396704,19807240,19378904,21539885,-91.59510513204971
dynamic-fenwick-assert,dynamic-fenwick,broad,u64,assert,g++,initialization_ns,baseline,candidate,73408203,66331508,77063095,70234543,67477529,92840409,-4.3233043042887225
dynamic-fenwick-assert,dynamic-fenwick,broad,u64,assert,g++,range_ns,baseline,candidate,37990002,35736140,40131413,35365819,34579717,51516288,-6.907562152800095
dynamic-fenwick-assert,dynamic-fenwick,broad,u64,assert,g++,update_ns,baseline,candidate,131806145,126222115,150566577,137564207,125014104,159811460,4.36858387748158
dynamic-fenwick-assert,dynamic-fenwick,broad,u64,assert,clang++,build_ns,baseline,candidate,1791,1299,2247,1907,1482,2324,6.476828587381345
dynamic-fenwick-assert,dynamic-fenwick,broad,u64,assert,clang++,get_ns,baseline,candidate,238304920,232144994,245821825,22493057,20182515,22963752,-90.56122844631156
dynamic-fenwick-assert,dynamic-fenwick,broad,u64,assert,clang++,initialization_ns,baseline,candidate,73140580,67288189,75619838,75363034,70090193,81870880,3.0386059284736255
dynamic-fenwick-assert,dynamic-fenwick,broad,u64,assert,clang++,range_ns,baseline,candidate,39054133,37318190,40954544,39411212,35776277,52531070,0.9143180825445629
dynamic-fenwick-assert,dynamic-fenwick,broad,u64,assert,clang++,update_ns,baseline,candidate,138492605,129801471,164156739,141753978,127419627,169241406,2.354907686226282
dynamic-fenwick-assert,dynamic-fenwick,broad,mod998,assert,g++,build_ns,baseline,candidate,1333,1255,1983,1790,1078,1843,34.28357089272318
dynamic-fenwick-assert,dynamic-fenwick,broad,mod998,assert,g++,get_ns,baseline,candidate,238938691,233399487,245136458,22912809,20918189,26425222,-90.41059072345885
dynamic-fenwick-assert,dynamic-fenwick,broad,mod998,assert,g++,initialization_ns,baseline,candidate,72442082,68177934,75261181,73802960,63247914,75123454,1.8785738377867123
dynamic-fenwick-assert,dynamic-fenwick,broad,mod998,assert,g++,range_ns,baseline,candidate,44243425,39341187,46207715,39203432,36931709,44278615,-11.391507325664774
dynamic-fenwick-assert,dynamic-fenwick,broad,mod998,assert,g++,update_ns,baseline,candidate,145911881,138869480,156816652,142398858,125142244,144127580,-2.407633275593235
dynamic-fenwick-assert,dynamic-fenwick,broad,mod998,assert,clang++,build_ns,baseline,candidate,1628,1566,2140,1899,1302,2244,16.646191646191653
dynamic-fenwick-assert,dynamic-fenwick,broad,mod998,assert,clang++,get_ns,baseline,candidate,230552874,215359985,246851398,22860554,22647720,23210081,-90.0844636619017
dynamic-fenwick-assert,dynamic-fenwick,broad,mod998,assert,clang++,initialization_ns,baseline,candidate,70498558,68751043,76571149,73131152,69979249,74793299,3.734252266549909
dynamic-fenwick-assert,dynamic-fenwick,broad,mod998,assert,clang++,range_ns,baseline,candidate,40360361,35862754,43587604,39543445,38444823,45013274,-2.024055235779487
dynamic-fenwick-assert,dynamic-fenwick,broad,mod998,assert,clang++,update_ns,baseline,candidate,140422425,129067546,155644564,147742128,145521447,153249758,5.212631102190413
dynamic-fenwick-assert,dynamic-fenwick,hotspot,u64,assert,g++,build_ns,baseline,candidate,1609,1248,1923,1446,958,1837,-10.130515848353017
dynamic-fenwick-assert,dynamic-fenwick,hotspot,u64,assert,g++,get_ns,baseline,candidate,9035338,8476956,9863552,3276747,3028590,4089533,-63.73409605705951
dynamic-fenwick-assert,dynamic-fenwick,hotspot,u64,assert,g++,initialization_ns,baseline,candidate,5880396,5877621,6294801,5998589,5758720,6948833,2.0099496700562325
dynamic-fenwick-assert,dynamic-fenwick,hotspot,u64,assert,g++,range_ns,baseline,candidate,1072303,1050594,1212293,1051294,1042134,1131396,-1.9592409981134096
dynamic-fenwick-assert,dynamic-fenwick,hotspot,u64,assert,g++,update_ns,baseline,candidate,9929172,9615273,10587758,10094965,9569212,11814829,1.6697565517044044
dynamic-fenwick-assert,dynamic-fenwick,hotspot,u64,assert,clang++,build_ns,baseline,candidate,1459,1049,1913,1331,1126,2074,-8.773132282385198
dynamic-fenwick-assert,dynamic-fenwick,hotspot,u64,assert,clang++,get_ns,baseline,candidate,7809252,7266512,8486033,3414381,2999108,3724551,-56.27774593520609
dynamic-fenwick-assert,dynamic-fenwick,hotspot,u64,assert,clang++,initialization_ns,baseline,candidate,4994085,4865506,5331155,5213051,4895024,6333280,4.384506871629146
dynamic-fenwick-assert,dynamic-fenwick,hotspot,u64,assert,clang++,range_ns,baseline,candidate,961218,921983,1232124,957648,933211,1253572,-0.37140378145228414
dynamic-fenwick-assert,dynamic-fenwick,hotspot,u64,assert,clang++,update_ns,baseline,candidate,7820604,7574860,8520643,8312045,7744273,9838635,6.283926407730145
dynamic-fenwick-assert,dynamic-fenwick,hotspot,mod998,assert,g++,build_ns,baseline,candidate,1673,1293,2114,1339,1081,2447,-19.96413628212791
dynamic-fenwick-assert,dynamic-fenwick,hotspot,mod998,assert,g++,get_ns,baseline,candidate,9195794,8829900,9245535,3237380,3070314,3629861,-64.7949921453221
dynamic-fenwick-assert,dynamic-fenwick,hotspot,mod998,assert,g++,initialization_ns,baseline,candidate,6235463,5869077,7032234,6126564,5937721,7085450,-1.7464460938987236
dynamic-fenwick-assert,dynamic-fenwick,hotspot,mod998,assert,g++,range_ns,baseline,candidate,1134215,1109431,1337140,1149891,1142629,1247895,1.3821012770947272
dynamic-fenwick-assert,dynamic-fenwick,hotspot,mod998,assert,g++,update_ns,baseline,candidate,10261516,9492212,11420716,10211853,9479590,11245586,-0.48397332323996123
dynamic-fenwick-assert,dynamic-fenwick,hotspot,mod998,assert,clang++,build_ns,baseline,candidate,1761,1280,1948,1691,1352,1853,-3.9750141964792762
dynamic-fenwick-assert,dynamic-fenwick,hotspot,mod998,assert,clang++,get_ns,baseline,candidate,8611283,8286933,8870724,3344170,3234147,3369548,-61.16525261102208
dynamic-fenwick-assert,dynamic-fenwick,hotspot,mod998,assert,clang++,initialization_ns,baseline,candidate,5559211,4938623,6099040,5791731,5183133,8240311,4.182607927635784
dynamic-fenwick-assert,dynamic-fenwick,hotspot,mod998,assert,clang++,range_ns,baseline,candidate,1125544,1057084,1171244,1008962,1001309,1349506,-10.357835855373043
dynamic-fenwick-assert,dynamic-fenwick,hotspot,mod998,assert,clang++,update_ns,baseline,candidate,8323514,8200095,8894564,8527263,7940967,11395456,2.447872376979232
dynamic-fenwick-assert,dynamic-fenwick,boundary,u64,assert,g++,build_ns,baseline,candidate,1495,1077,4224,1617,649,1962,8.160535117056856
dynamic-fenwick-assert,dynamic-fenwick,boundary,u64,assert,g++,get_ns,baseline,candidate,35172512,33462629,37292605,12955366,12263357,13976013,-63.16621912020387
dynamic-fenwick-assert,dynamic-fenwick,boundary,u64,assert,g++,initialization_ns,baseline,candidate,5516147,5331685,5981080,5319973,5195296,6033661,-3.556359176069823
dynamic-fenwick-assert,dynamic-fenwick,boundary,u64,assert,g++,range_ns,baseline,candidate,6385889,5961732,6625525,6537510,6243385,6665418,2.3743131144309038
dynamic-fenwick-assert,dynamic-fenwick,boundary,u64,assert,g++,update_ns,baseline,candidate,9107828,8468303,12613660,8939471,8461120,10795100,-1.8484868181524727
dynamic-fenwick-assert,dynamic-fenwick,boundary,u64,assert,clang++,build_ns,baseline,candidate,1633,1394,2076,1794,1435,2263,9.859154929577475
dynamic-fenwick-assert,dynamic-fenwick,boundary,u64,assert,clang++,get_ns,baseline,candidate,27628469,25389481,28180917,11375094,10482281,12494485,-58.82835925508576
dynamic-fenwick-assert,dynamic-fenwick,boundary,u64,assert,clang++,initialization_ns,baseline,candidate,4608291,4595757,8033603,4951000,4656928,5731445,7.436791643583263
dynamic-fenwick-assert,dynamic-fenwick,boundary,u64,assert,clang++,range_ns,baseline,candidate,4826599,4635091,5668344,5545066,5038741,8833833,14.88557470798797
dynamic-fenwick-assert,dynamic-fenwick,boundary,u64,assert,clang++,update_ns,baseline,candidate,7841848,7417892,9285914,8270852,7414760,10305157,5.470700273710993
dynamic-fenwick-assert,dynamic-fenwick,boundary,mod998,assert,g++,build_ns,baseline,candidate,1318,1012,1812,1407,899,1811,6.752655538694996
dynamic-fenwick-assert,dynamic-fenwick,boundary,mod998,assert,g++,get_ns,baseline,candidate,37639226,36549436,38175606,13787417,13107574,15966350,-63.369552285692585
dynamic-fenwick-assert,dynamic-fenwick,boundary,mod998,assert,g++,initialization_ns,baseline,candidate,5303077,5234988,5771064,5290262,5187652,6323760,-0.24165215779442528
dynamic-fenwick-assert,dynamic-fenwick,boundary,mod998,assert,g++,range_ns,baseline,candidate,6047785,5978903,7505740,6486196,6198916,6987454,7.249116825416246
dynamic-fenwick-assert,dynamic-fenwick,boundary,mod998,assert,g++,update_ns,baseline,candidate,8844087,8570918,12813343,9369851,8836165,9599182,5.9448080960759375
dynamic-fenwick-assert,dynamic-fenwick,boundary,mod998,assert,clang++,build_ns,baseline,candidate,1764,1516,2576,1929,1129,2444,9.353741496598644
dynamic-fenwick-assert,dynamic-fenwick,boundary,mod998,assert,clang++,get_ns,baseline,candidate,26568578,25653982,31221926,11679005,11520331,13307268,-56.04203958525744
dynamic-fenwick-assert,dynamic-fenwick,boundary,mod998,assert,clang++,initialization_ns,baseline,candidate,4958405,4755655,5327088,4998818,4944679,5473406,0.8150403204256307
dynamic-fenwick-assert,dynamic-fenwick,boundary,mod998,assert,clang++,range_ns,baseline,candidate,5003838,4511253,5138279,5273085,4965282,7465993,5.3808096904815805
dynamic-fenwick-assert,dynamic-fenwick,boundary,mod998,assert,clang++,update_ns,baseline,candidate,8091676,7792175,9222820,8081024,7634008,9273007,-0.13164145474929834
dynamic-fenwick-release,dynamic-fenwick,broad,u64,release,g++,build_ns,baseline,candidate,1306,1217,2302,1576,1111,1993,20.67381316998469
dynamic-fenwick-release,dynamic-fenwick,broad,u64,release,g++,get_ns,baseline,candidate,237790592,232246531,270652612,20051332,19039606,20847362,-91.56765125510096
dynamic-fenwick-release,dynamic-fenwick,broad,u64,release,g++,initialization_ns,baseline,candidate,69029698,64824359,76983557,70555771,66841332,77277894,2.2107484810378386
dynamic-fenwick-release,dynamic-fenwick,broad,u64,release,g++,range_ns,baseline,candidate,38639590,36124862,40881207,35179729,34434474,36400478,-8.954186625686244
dynamic-fenwick-release,dynamic-fenwick,broad,u64,release,g++,update_ns,baseline,candidate,128308718,123714509,160479844,125386157,119994998,134184244,-2.277757151310633
dynamic-fenwick-release,dynamic-fenwick,broad,u64,release,clang++,build_ns,baseline,candidate,1761,1192,2733,1789,1011,2396,1.5900056785917105
dynamic-fenwick-release,dynamic-fenwick,broad,u64,release,clang++,get_ns,baseline,candidate,219136239,207910995,224840014,20824406,20333460,22170627,-90.49705055857969
dynamic-fenwick-release,dynamic-fenwick,broad,u64,release,clang++,initialization_ns,baseline,candidate,71078240,64158714,74971278,70948089,63235871,92301109,-0.1831094861099558
dynamic-fenwick-release,dynamic-fenwick,broad,u64,release,clang++,range_ns,baseline,candidate,37820566,35494183,49290429,35543215,34787378,39679678,-6.021461973890075
dynamic-fenwick-release,dynamic-fenwick,broad,u64,release,clang++,update_ns,baseline,candidate,132536456,118369271,156259305,123834848,119564429,129036504,-6.565444906720607
dynamic-fenwick-release,dynamic-fenwick,broad,mod998,release,g++,build_ns,baseline,candidate,2044,1593,2360,1922,1162,2521,-5.9686888454011715
dynamic-fenwick-release,dynamic-fenwick,broad,mod998,release,g++,get_ns,baseline,candidate,225177864,224710286,231889116,21289604,20929677,22213387,-90.54542768022704
dynamic-fenwick-release,dynamic-fenwick,broad,mod998,release,g++,initialization_ns,baseline,candidate,72923778,68835504,74924145,71926172,64870869,75336803,-1.368011953522208
dynamic-fenwick-release,dynamic-fenwick,broad,mod998,release,g++,range_ns,baseline,candidate,37329268,36112475,37492183,37785428,34022181,39007556,1.221990208862378
dynamic-fenwick-release,dynamic-fenwick,broad,mod998,release,g++,update_ns,baseline,candidate,131772133,129304981,146106509,129395176,122003755,134581730,-1.803838904239341
dynamic-fenwick-release,dynamic-fenwick,broad,mod998,release,clang++,build_ns,baseline,candidate,1810,1063,2718,1969,1600,2439,8.784530386740341
dynamic-fenwick-release,dynamic-fenwick,broad,mod998,release,clang++,get_ns,baseline,candidate,224909561,222567585,233434368,20655114,19875158,22181622,-90.81625791799932
dynamic-fenwick-release,dynamic-fenwick,broad,mod998,release,clang++,initialization_ns,baseline,candidate,72884075,71106568,77387908,70536744,69292284,99361387,-3.2206363324224108
dynamic-fenwick-release,dynamic-fenwick,broad,mod998,release,clang++,range_ns,baseline,candidate,36849201,35509117,37424657,35468891,34257879,64118263,-3.7458342719561277
dynamic-fenwick-release,dynamic-fenwick,broad,mod998,release,clang++,update_ns,baseline,candidate,142340472,135222798,161832191,132626662,127530743,140504226,-6.8243485942634745
dynamic-fenwick-release,dynamic-fenwick,hotspot,u64,release,g++,build_ns,baseline,candidate,1469,1293,1990,1239,1228,1615,-15.656909462219193
dynamic-fenwick-release,dynamic-fenwick,hotspot,u64,release,g++,get_ns,baseline,candidate,8770631,8650796,9354986,2885206,2815337,2934145,-67.10378078840623
dynamic-fenwick-release,dynamic-fenwick,hotspot,u64,release,g++,initialization_ns,baseline,candidate,6108187,5767987,6794181,6036777,5736707,6762146,-1.1690866700708402
dynamic-fenwick-release,dynamic-fenwick,hotspot,u64,release,g++,range_ns,baseline,candidate,1076938,1046164,1279124,1057153,1041345,1311914,-1.8371531137354236
dynamic-fenwick-release,dynamic-fenwick,hotspot,u64,release,g++,update_ns,baseline,candidate,10095583,9571092,11141142,9934402,9595247,10555366,-1.5965496990119288
dynamic-fenwick-release,dynamic-fenwick,hotspot,u64,release,clang++,build_ns,baseline,candidate,1449,1429,1908,1351,1260,2070,-6.763285024154586
dynamic-fenwick-release,dynamic-fenwick,hotspot,u64,release,clang++,get_ns,baseline,candidate,7482336,7235168,7797727,2965788,2957526,3041655,-60.36280648182599
dynamic-fenwick-release,dynamic-fenwick,hotspot,u64,release,clang++,initialization_ns,baseline,candidate,5286564,4908876,6333127,5116053,4879091,6125060,-3.2253652845212866
dynamic-fenwick-release,dynamic-fenwick,hotspot,u64,release,clang++,range_ns,baseline,candidate,931462,923308,1396348,917784,913961,984395,-1.4684442306825196
dynamic-fenwick-release,dynamic-fenwick,hotspot,u64,release,clang++,update_ns,baseline,candidate,7798769,7545548,12739305,7847734,7678582,8211249,0.6278554987331875
dynamic-fenwick-release,dynamic-fenwick,hotspot,mod998,release,g++,build_ns,baseline,candidate,1118,957,1807,1143,950,1709,2.2361359570661987
dynamic-fenwick-release,dynamic-fenwick,hotspot,mod998,release,g++,get_ns,baseline,candidate,9452445,8739020,10477813,3061333,2961982,3464344,-67.61332120948602
dynamic-fenwick-release,dynamic-fenwick,hotspot,mod998,release,g++,initialization_ns,baseline,candidate,5982342,5757120,6926818,6335340,5941651,6975471,5.900665659034532
dynamic-fenwick-release,dynamic-fenwick,hotspot,mod998,release,g++,range_ns,baseline,candidate,1090014,1083621,1560267,1134570,1108890,1289106,4.087653920041401
dynamic-fenwick-release,dynamic-fenwick,hotspot,mod998,release,g++,update_ns,baseline,candidate,9936510,9478745,10185681,10392700,9504240,10618444,4.591048567354128
dynamic-fenwick-release,dynamic-fenwick,hotspot,mod998,release,clang++,build_ns,baseline,candidate,1413,933,1647,1089,975,1464,-22.92993630573248
dynamic-fenwick-release,dynamic-fenwick,hotspot,mod998,release,clang++,get_ns,baseline,candidate,7815938,7443134,7991028,3061070,3025295,3199495,-60.83553886942297
dynamic-fenwick-release,dynamic-fenwick,hotspot,mod998,release,clang++,initialization_ns,baseline,candidate,5219686,4927927,7577201,5255358,4863527,6824277,0.6834127570125803
dynamic-fenwick-release,dynamic-fenwick,hotspot,mod998,release,clang++,range_ns,baseline,candidate,1120937,975786,1167153,982179,965119,1014843,-12.378750991358123
dynamic-fenwick-release,dynamic-fenwick,hotspot,mod998,release,clang++,update_ns,baseline,candidate,8089631,7814857,9145724,8165575,7707372,10252299,0.9387820037774386
dynamic-fenwick-release,dynamic-fenwick,boundary,u64,release,g++,build_ns,baseline,candidate,1133,1052,1534,1296,1047,1745,14.386584289496906
dynamic-fenwick-release,dynamic-fenwick,boundary,u64,release,g++,get_ns,baseline,candidate,34550065,33399562,36682547,12718759,12249087,13373199,-63.18745275877195
dynamic-fenwick-release,dynamic-fenwick,boundary,u64,release,g++,initialization_ns,baseline,candidate,5405186,5169614,6066346,5589070,5187632,6455629,3.401992086858807
dynamic-fenwick-release,dynamic-fenwick,boundary,u64,release,g++,range_ns,baseline,candidate,6803938,5919039,7089713,6651108,6181284,7983824,-2.2461991864123343
dynamic-fenwick-release,dynamic-fenwick,boundary,u64,release,g++,update_ns,baseline,candidate,8983183,8520700,10549359,9148417,8590539,9874099,1.8393702989241145
dynamic-fenwick-release,dynamic-fenwick,boundary,u64,release,clang++,build_ns,baseline,candidate,1355,1165,2007,1707,1430,1912,25.97785977859779
dynamic-fenwick-release,dynamic-fenwick,boundary,u64,release,clang++,get_ns,baseline,candidate,26788944,25561113,26911148,10870438,10460173,11600444,-59.421924208733266
dynamic-fenwick-release,dynamic-fenwick,boundary,u64,release,clang++,initialization_ns,baseline,candidate,4851200,4515310,5725082,4960045,4883500,5347872,2.2436716688654323
dynamic-fenwick-release,dynamic-fenwick,boundary,u64,release,clang++,range_ns,baseline,candidate,4708470,4608836,4932713,5063094,4991784,5622880,7.531618551249131
dynamic-fenwick-release,dynamic-fenwick,boundary,u64,release,clang++,update_ns,baseline,candidate,7835759,7302286,8543587,7812696,7592666,8034634,-0.2943301344515592
dynamic-fenwick-release,dynamic-fenwick,boundary,mod998,release,g++,build_ns,baseline,candidate,1596,1306,1760,1451,1123,1711,-9.085213032581452
dynamic-fenwick-release,dynamic-fenwick,boundary,mod998,release,g++,get_ns,baseline,candidate,36802871,34940506,39411619,13753162,13462829,15591769,-62.630192628178385
dynamic-fenwick-release,dynamic-fenwick,boundary,mod998,release,g++,initialization_ns,baseline,candidate,5534189,5449463,7692286,5619813,5546461,9158980,1.5471824326924954
dynamic-fenwick-release,dynamic-fenwick,boundary,mod998,release,g++,range_ns,baseline,candidate,6273176,6152147,7475911,6237217,6188515,6912362,-0.5732184144044417
dynamic-fenwick-release,dynamic-fenwick,boundary,mod998,release,g++,update_ns,baseline,candidate,9554135,8767166,11779893,10472966,9133752,11506751,9.617102961178592
dynamic-fenwick-release,dynamic-fenwick,boundary,mod998,release,clang++,build_ns,baseline,candidate,1345,943,1625,1608,1342,2111,19.553903345724912
dynamic-fenwick-release,dynamic-fenwick,boundary,mod998,release,clang++,get_ns,baseline,candidate,27300583,25827988,32063277,10905354,10364151,12277955,-60.054501400208196
dynamic-fenwick-release,dynamic-fenwick,boundary,mod998,release,clang++,initialization_ns,baseline,candidate,4795970,4688585,5709382,4817507,4667846,7822405,0.4490645270925464
dynamic-fenwick-release,dynamic-fenwick,boundary,mod998,release,clang++,range_ns,baseline,candidate,4661752,4573728,4960582,5133160,4839840,5818031,10.112249643481675
dynamic-fenwick-release,dynamic-fenwick,boundary,mod998,release,clang++,update_ns,baseline,candidate,7927804,7509562,8415636,8374045,7560592,10776522,5.628809693075154
persistent-segment-assert,persistent-segment,dense-sequential,u64,assert,g++,build_ns,baseline,candidate,4065324,4024295,5431283,4353462,4173313,5783443,7.087700758906301
persistent-segment-assert,persistent-segment,dense-sequential,u64,assert,g++,get_ns,baseline,candidate,99401102,91923132,107851855,61617380,57663384,68493724,-38.01137134274427
persistent-segment-assert,persistent-segment,dense-sequential,u64,assert,g++,mixed_ns,baseline,candidate,25726068,23412650,35355358,18663214,17336639,20085877,-27.45407498728527
persistent-segment-assert,persistent-segment,dense-sequential,u64,assert,g++,range_ns,baseline,candidate,18672083,17717507,20271904,17650800,16933891,19081639,-5.469571873689727
persistent-segment-assert,persistent-segment,dense-sequential,u64,assert,g++,update_ns,baseline,candidate,42403174,38348288,44655840,38516008,35295829,43456412,-9.16715810000449
persistent-segment-assert,persistent-segment,dense-sequential,u64,assert,clang++,build_ns,baseline,candidate,3903473,3800231,5122337,3773523,3728730,4563592,-3.329086687675309
persistent-segment-assert,persistent-segment,dense-sequential,u64,assert,clang++,get_ns,baseline,candidate,102240218,92208336,115237031,67688885,64130756,77619966,-33.794267731314896
persistent-segment-assert,persistent-segment,dense-sequential,u64,assert,clang++,mixed_ns,baseline,candidate,25367314,24027001,27177973,18491842,17748196,19635228,-27.103665764534636
persistent-segment-assert,persistent-segment,dense-sequential,u64,assert,clang++,range_ns,baseline,candidate,20675960,19772838,23103595,20639007,19537763,21733625,-0.17872447035107708
persistent-segment-assert,persistent-segment,dense-sequential,u64,assert,clang++,update_ns,baseline,candidate,41321847,38769485,50812698,44462837,39332417,45632739,7.601281714246699
persistent-segment-assert,persistent-segment,dense-sequential,affine-u64,assert,g++,build_ns,baseline,candidate,6016263,5573748,6308833,6006591,5134337,6070753,-0.16076424850443027
persistent-segment-assert,persistent-segment,dense-sequential,affine-u64,assert,g++,get_ns,baseline,candidate,193131836,167210253,255861897,81709922,80376638,84014989,-57.692152835951916
persistent-segment-assert,persistent-segment,dense-sequential,affine-u64,assert,g++,mixed_ns,baseline,candidate,44303443,37951459,46809078,22985608,22649517,23451180,-48.117783983515686
persistent-segment-assert,persistent-segment,dense-sequential,affine-u64,assert,g++,range_ns,baseline,candidate,31909525,29639937,34144368,28840263,28518996,31661655,-9.618638948715152
persistent-segment-assert,persistent-segment,dense-sequential,affine-u64,assert,g++,update_ns,baseline,candidate,55042235,52214347,68488263,58837436,47093301,64853976,6.895070667097736
persistent-segment-assert,persistent-segment,dense-sequential,affine-u64,assert,clang++,build_ns,baseline,candidate,5917177,5410057,6358577,5642551,5325510,7124726,-4.641165880283793
persistent-segment-assert,persistent-segment,dense-sequential,affine-u64,assert,clang++,get_ns,baseline,candidate,164301169,154535999,165420459,88026830,84073148,89365474,-46.42349136298598
persistent-segment-assert,persistent-segment,dense-sequential,affine-u64,assert,clang++,mixed_ns,baseline,candidate,37438842,36334381,48034351,23577502,23269127,24852656,-37.02395496100013
persistent-segment-assert,persistent-segment,dense-sequential,affine-u64,assert,clang++,range_ns,baseline,candidate,27637915,27296725,31958940,29174033,27091235,32115041,5.558009712382428
persistent-segment-assert,persistent-segment,dense-sequential,affine-u64,assert,clang++,update_ns,baseline,candidate,56658438,46763998,61377416,50419316,49601651,68200160,-11.011814339110437
persistent-segment-assert,persistent-segment,dense-branch,u64,assert,g++,build_ns,baseline,candidate,4487634,4158394,5333193,4234068,3878296,6573368,-5.650327098867692
persistent-segment-assert,persistent-segment,dense-branch,u64,assert,g++,get_ns,baseline,candidate,58885509,55007610,62983697,36126946,35299113,36660342,-38.648834639435655
persistent-segment-assert,persistent-segment,dense-branch,u64,assert,g++,mixed_ns,baseline,candidate,16636630,14638596,18480924,11363874,10658829,13439961,-31.69365430378628
persistent-segment-assert,persistent-segment,dense-branch,u64,assert,g++,range_ns,baseline,candidate,11180396,10962888,11594295,11110974,10078068,12450139,-0.6209261281979628
persistent-segment-assert,persistent-segment,dense-branch,u64,assert,g++,update_ns,baseline,candidate,44695827,43000305,49839088,40352572,38798099,42456656,-9.717361309815342
persistent-segment-assert,persistent-segment,dense-branch,u64,assert,clang++,build_ns,baseline,candidate,3930682,3562046,4328348,3807597,3476843,4550828,-3.131390430464742
persistent-segment-assert,persistent-segment,dense-branch,u64,assert,clang++,get_ns,baseline,candidate,56936086,54959534,61132693,41022710,37631063,45562858,-27.949543282620446
persistent-segment-assert,persistent-segment,dense-branch,u64,assert,clang++,mixed_ns,baseline,candidate,15938017,14615770,16734527,12237423,11298682,13721996,-23.218660138209167
persistent-segment-assert,persistent-segment,dense-branch,u64,assert,clang++,range_ns,baseline,candidate,11570618,10813556,12055366,11004780,10513694,12419015,-4.890300587228791
persistent-segment-assert,persistent-segment,dense-branch,u64,assert,clang++,update_ns,baseline,candidate,41643756,39468685,47134956,41808316,41467286,51304336,0.39516128180177024
persistent-segment-assert,persistent-segment,dense-branch,affine-u64,assert,g++,build_ns,baseline,candidate,6683298,6103308,8307597,6565440,5651876,12867706,-1.7634706697202462
persistent-segment-assert,persistent-segment,dense-branch,affine-u64,assert,g++,get_ns,baseline,candidate,110566315,103343200,126397846,51651626,47179620,68100688,-53.284482710670055
persistent-segment-assert,persistent-segment,dense-branch,affine-u64,assert,g++,mixed_ns,baseline,candidate,27420521,25269774,28287360,15768880,14643046,19460177,-42.4924128903313
persistent-segment-assert,persistent-segment,dense-branch,affine-u64,assert,g++,range_ns,baseline,candidate,19198447,17111950,20368711,17635405,17058947,17910346,-8.141502278804113
persistent-segment-assert,persistent-segment,dense-branch,affine-u64,assert,g++,update_ns,baseline,candidate,69619152,61422860,84794682,69688172,63523569,102496976,0.09913938624244167
persistent-segment-assert,persistent-segment,dense-branch,affine-u64,assert,clang++,build_ns,baseline,candidate,6470702,5642513,7142822,5775471,5557341,6300597,-10.744290186752536
persistent-segment-assert,persistent-segment,dense-branch,affine-u64,assert,clang++,get_ns,baseline,candidate,92571842,83955003,100418906,54914579,48533403,56127202,-40.6789604553834
persistent-segment-assert,persistent-segment,dense-branch,affine-u64,assert,clang++,mixed_ns,baseline,candidate,25643987,21797225,26467465,15475196,14802312,21021675,-39.653705174628264
persistent-segment-assert,persistent-segment,dense-branch,affine-u64,assert,clang++,range_ns,baseline,candidate,16388572,14107964,21459463,14479784,13934378,16884708,-11.647067236852603
persistent-segment-assert,persistent-segment,dense-branch,affine-u64,assert,clang++,update_ns,baseline,candidate,69467444,57143938,75582509,58875404,56323078,59510777,-15.247487729647858
persistent-segment-assert,persistent-segment,sparse-branch,u64,assert,g++,build_ns,baseline,candidate,1381,1192,1908,1285,1113,1311,-6.95148443157132
persistent-segment-assert,persistent-segment,sparse-branch,u64,assert,g++,get_ns,baseline,candidate,21586350,20003405,22815606,16184642,15365046,17153970,-25.023721008878297
persistent-segment-assert,persistent-segment,sparse-branch,u64,assert,g++,mixed_ns,baseline,candidate,18849129,16985317,20912624,17425256,16531982,19499981,-7.554051967069675
persistent-segment-assert,persistent-segment,sparse-branch,u64,assert,g++,range_ns,baseline,candidate,4000595,3869418,4302833,3948695,3793853,4916076,-1.2973070255799413
persistent-segment-assert,persistent-segment,sparse-branch,u64,assert,g++,update_ns,baseline,candidate,28346318,25448667,28769000,27246530,25256153,33101144,-3.879826649796281
persistent-segment-assert,persistent-segment,sparse-branch,u64,assert,clang++,build_ns,baseline,candidate,1201,1000,1340,1259,795,1400,4.829308909242291
persistent-segment-assert,persistent-segment,sparse-branch,u64,assert,clang++,get_ns,baseline,candidate,25513119,22641448,27613109,14384162,14254236,16100015,-43.6205271491894
persistent-segment-assert,persistent-segment,sparse-branch,u64,assert,clang++,mixed_ns,baseline,candidate,19105185,17255541,22764729,16750398,16008258,17736836,-12.325381826975246
persistent-segment-assert,persistent-segment,sparse-branch,u64,assert,clang++,range_ns,baseline,candidate,4373136,4204101,4645121,4726568,4367733,7000269,8.081889060847857
persistent-segment-assert,persistent-segment,sparse-branch,u64,assert,clang++,update_ns,baseline,candidate,28230084,25599754,30079724,28947464,25941128,31397290,2.541189746371275
persistent-segment-assert,persistent-segment,sparse-branch,affine-u64,assert,g++,build_ns,baseline,candidate,1495,1141,1524,1483,1253,1891,-0.8026755852842848
persistent-segment-assert,persistent-segment,sparse-branch,affine-u64,assert,g++,get_ns,baseline,candidate,37402817,35841461,38578749,20047073,19056991,22375487,-46.402237564085084
persistent-segment-assert,persistent-segment,sparse-branch,affine-u64,assert,g++,mixed_ns,baseline,candidate,28944118,27265402,31417322,23779959,22852882,26148939,-17.841825409915756
persistent-segment-assert,persistent-segment,sparse-branch,affine-u64,assert,g++,range_ns,baseline,candidate,6046615,5534326,6337575,5807878,5566916,6134718,-3.9482751919875825
persistent-segment-assert,persistent-segment,sparse-branch,affine-u64,assert,g++,update_ns,baseline,candidate,39279142,34315535,39800671,36206354,34095227,41222191,-7.822950918836257
persistent-segment-assert,persistent-segment,sparse-branch,affine-u64,assert,clang++,build_ns,baseline,candidate,1178,945,1303,1213,1092,1288,2.9711375212224
persistent-segment-assert,persistent-segment,sparse-branch,affine-u64,assert,clang++,get_ns,baseline,candidate,27640843,27018461,34051411,17923151,17191718,20566776,-35.15700299010417
persistent-segment-assert,persistent-segment,sparse-branch,affine-u64,assert,clang++,mixed_ns,baseline,candidate,27730370,26044221,28801293,24518379,22615901,26571525,-11.582935965153007
persistent-segment-assert,persistent-segment,sparse-branch,affine-u64,assert,clang++,range_ns,baseline,candidate,5707808,5037196,7680578,5631872,5180846,5884043,-1.3303881279818852
persistent-segment-assert,persistent-segment,sparse-branch,affine-u64,assert,clang++,update_ns,baseline,candidate,36868807,34641700,43816508,37432011,33878592,39094005,1.5275894335284645
persistent-segment-release,persistent-segment,dense-sequential,u64,release,g++,build_ns,baseline,candidate,4000138,3493788,5506236,4518366,3904191,4818656,12.955253043769988
persistent-segment-release,persistent-segment,dense-sequential,u64,release,g++,get_ns,baseline,candidate,97355274,92877312,103992945,59178994,58429688,70324013,-39.21336608841551
persistent-segment-release,persistent-segment,dense-sequential,u64,release,g++,mixed_ns,baseline,candidate,24996510,23322725,25582451,17696860,16649790,19124210,-29.20267669366644
persistent-segment-release,persistent-segment,dense-sequential,u64,release,g++,range_ns,baseline,candidate,17947771,17496522,20433066,17674768,16860689,20011300,-1.5210969651886064
persistent-segment-release,persistent-segment,dense-sequential,u64,release,g++,update_ns,baseline,candidate,37132774,31758584,45701315,42529322,38375859,44582684,14.533112985310503
persistent-segment-release,persistent-segment,dense-sequential,u64,release,clang++,build_ns,baseline,candidate,4371576,3244968,4867919,3960149,3789064,4131823,-9.411411353708598
persistent-segment-release,persistent-segment,dense-sequential,u64,release,clang++,get_ns,baseline,candidate,102794997,93002547,108757170,66250621,63332098,71892778,-35.55073404982929
persistent-segment-release,persistent-segment,dense-sequential,u64,release,clang++,mixed_ns,baseline,candidate,27368852,24576383,28425068,18696099,18046724,21836821,-31.688406221788192
persistent-segment-release,persistent-segment,dense-sequential,u64,release,clang++,range_ns,baseline,candidate,21062843,20414536,22300716,19912735,19416653,21577442,-5.4603644911563
persistent-segment-release,persistent-segment,dense-sequential,u64,release,clang++,update_ns,baseline,candidate,45080769,32672153,46387453,41390584,39134729,43048935,-8.185718837227462
persistent-segment-release,persistent-segment,dense-sequential,affine-u64,release,g++,build_ns,baseline,candidate,5356599,5035823,8856272,6225061,5545318,7543970,16.212936603990702
persistent-segment-release,persistent-segment,dense-sequential,affine-u64,release,g++,get_ns,baseline,candidate,180816767,165215802,187838352,78510861,74889308,95287932,-56.57987790479629
persistent-segment-release,persistent-segment,dense-sequential,affine-u64,release,g++,mixed_ns,baseline,candidate,45505534,38546828,47782989,23090258,21949769,32470576,-49.25835174244961
persistent-segment-release,persistent-segment,dense-sequential,affine-u64,release,g++,range_ns,baseline,candidate,31697969,30198607,34671324,30238722,27837522,41694193,-4.603597788867797
persistent-segment-release,persistent-segment,dense-sequential,affine-u64,release,g++,update_ns,baseline,candidate,49918289,46673133,107002641,58110619,51314128,69207057,16.411479968794595
persistent-segment-release,persistent-segment,dense-sequential,affine-u64,release,clang++,build_ns,baseline,candidate,6159354,5444956,7001947,6135480,5913406,7429135,-0.38760558331280004
persistent-segment-release,persistent-segment,dense-sequential,affine-u64,release,clang++,get_ns,baseline,candidate,164802752,156579140,170006078,93893918,80214465,126684031,-43.02648659653451
persistent-segment-release,persistent-segment,dense-sequential,affine-u64,release,clang++,mixed_ns,baseline,candidate,39597942,36001048,40704644,25103999,21549878,31685622,-36.60276839639798
persistent-segment-release,persistent-segment,dense-sequential,affine-u64,release,clang++,range_ns,baseline,candidate,29107466,27341941,30879761,29884807,25310298,31040702,2.670589738041773
persistent-segment-release,persistent-segment,dense-sequential,affine-u64,release,clang++,update_ns,baseline,candidate,57148505,50548574,58789119,60115986,52404638,75119237,5.192578528519687
persistent-segment-release,persistent-segment,dense-branch,u64,release,g++,build_ns,baseline,candidate,4315484,3341183,4534715,4423681,3445284,5075113,2.507181118039137
persistent-segment-release,persistent-segment,dense-branch,u64,release,g++,get_ns,baseline,candidate,59344784,51726943,71493782,33061431,31378160,37581247,-44.28923862963256
persistent-segment-release,persistent-segment,dense-branch,u64,release,g++,mixed_ns,baseline,candidate,16016149,14768986,16808236,10413437,10110865,12807630,-34.981642590862506
persistent-segment-release,persistent-segment,dense-branch,u64,release,g++,range_ns,baseline,candidate,10353145,10327122,12545995,10368809,10074894,11981173,0.1512970213398912
persistent-segment-release,persistent-segment,dense-branch,u64,release,g++,update_ns,baseline,candidate,42769880,36256799,46579089,40804175,34277357,51932082,-4.596003075061239
persistent-segment-release,persistent-segment,dense-branch,u64,release,clang++,build_ns,baseline,candidate,3760570,3534129,4057734,3869382,3373659,4316315,2.8934975283002373
persistent-segment-release,persistent-segment,dense-branch,u64,release,clang++,get_ns,baseline,candidate,58718543,55029569,67923098,36666157,35768581,42933566,-37.556085136513005
persistent-segment-release,persistent-segment,dense-branch,u64,release,clang++,mixed_ns,baseline,candidate,15309490,14737313,16640170,11043542,10645108,11804120,-27.86472965461292
persistent-segment-release,persistent-segment,dense-branch,u64,release,clang++,range_ns,baseline,candidate,11260765,10825001,12086220,10940196,10579675,12104426,-2.8467781718204743
persistent-segment-release,persistent-segment,dense-branch,u64,release,clang++,update_ns,baseline,candidate,44447085,38740564,49755138,41025075,38180267,50388755,-7.699065079295975
persistent-segment-release,persistent-segment,dense-branch,affine-u64,release,g++,build_ns,baseline,candidate,6121476,5584486,8433206,5772329,5038555,6736394,-5.703640755922268
persistent-segment-release,persistent-segment,dense-branch,affine-u64,release,g++,get_ns,baseline,candidate,114441452,107106285,118333145,50062612,41161091,52065867,-56.25482626697187
persistent-segment-release,persistent-segment,dense-branch,affine-u64,release,g++,mixed_ns,baseline,candidate,28738941,26669692,29837015,14416497,13451992,17358888,-49.83636662185986
persistent-segment-release,persistent-segment,dense-branch,affine-u64,release,g++,range_ns,baseline,candidate,18669484,18284221,20433787,17404469,16420505,18333031,-6.7758434030635195
persistent-segment-release,persistent-segment,dense-branch,affine-u64,release,g++,update_ns,baseline,candidate,63672634,60954878,69770766,56693422,51078149,72312727,-10.961085731116448
persistent-segment-release,persistent-segment,dense-branch,affine-u64,release,clang++,build_ns,baseline,candidate,5794847,5173796,6889001,5941043,5139095,6764581,2.522862122157843
persistent-segment-release,persistent-segment,dense-branch,affine-u64,release,clang++,get_ns,baseline,candidate,85677551,77698338,95344224,49906731,47877155,53849150,-41.75051642174039
persistent-segment-release,persistent-segment,dense-branch,affine-u64,release,clang++,mixed_ns,baseline,candidate,22607929,21207646,24177509,15220385,14759102,18052565,-32.67678344177391
persistent-segment-release,persistent-segment,dense-branch,affine-u64,release,clang++,range_ns,baseline,candidate,14862683,14033639,15463720,16086712,14231714,18102430,8.235585728364114
persistent-segment-release,persistent-segment,dense-branch,affine-u64,release,clang++,update_ns,baseline,candidate,58134837,50164589,64182707,58330013,56580473,82109640,0.335729848180355
persistent-segment-release,persistent-segment,sparse-branch,u64,release,g++,build_ns,baseline,candidate,1335,861,1712,1225,998,1533,-8.239700374531832
persistent-segment-release,persistent-segment,sparse-branch,u64,release,g++,get_ns,baseline,candidate,20757290,19757606,23074538,16717651,14724441,22537123,-19.4613025110696
persistent-segment-release,persistent-segment,sparse-branch,u64,release,g++,mixed_ns,baseline,candidate,18629289,17714368,19887017,16536643,16311004,18773443,-11.233096442918455
persistent-segment-release,persistent-segment,sparse-branch,u64,release,g++,range_ns,baseline,candidate,4100158,3887739,4369929,4017643,3876522,4533399,-2.012483421370592
persistent-segment-release,persistent-segment,sparse-branch,u64,release,g++,update_ns,baseline,candidate,27645591,25167921,29014481,29116293,25530752,34702037,5.319842863912738
persistent-segment-release,persistent-segment,sparse-branch,u64,release,clang++,build_ns,baseline,candidate,1318,942,1560,1158,961,1323,-12.139605462822455
persistent-segment-release,persistent-segment,sparse-branch,u64,release,clang++,get_ns,baseline,candidate,24453374,20243430,25507418,16196182,14521876,16675007,-33.767086701409795
persistent-segment-release,persistent-segment,sparse-branch,u64,release,clang++,mixed_ns,baseline,candidate,19844350,16274955,23139724,16603958,14794367,19476133,-16.329040759712466
persistent-segment-release,persistent-segment,sparse-branch,u64,release,clang++,range_ns,baseline,candidate,4731957,4371172,5079800,4783095,4267799,5043133,1.0806945202587404
persistent-segment-release,persistent-segment,sparse-branch,u64,release,clang++,update_ns,baseline,candidate,28229500,22591428,32110192,27662260,24747287,29936558,-2.00938734302768
persistent-segment-release,persistent-segment,sparse-branch,affine-u64,release,g++,build_ns,baseline,candidate,1608,1270,2040,1397,1101,1605,-13.121890547263682
persistent-segment-release,persistent-segment,sparse-branch,affine-u64,release,g++,get_ns,baseline,candidate,38024210,33798584,49744240,18071776,17793923,20541119,-52.472974454959086
persistent-segment-release,persistent-segment,sparse-branch,affine-u64,release,g++,mixed_ns,baseline,candidate,29378992,26812439,45025903,27210192,22846212,28226130,-7.382145718273792
persistent-segment-release,persistent-segment,sparse-branch,affine-u64,release,g++,range_ns,baseline,candidate,6541089,6098359,18243537,5920057,5608923,9250295,-9.49432120553626
persistent-segment-release,persistent-segment,sparse-branch,affine-u64,release,g++,update_ns,baseline,candidate,37292552,33844896,47905768,37511830,36311595,44348816,0.5879940852532739
persistent-segment-release,persistent-segment,sparse-branch,affine-u64,release,clang++,build_ns,baseline,candidate,1309,1071,1830,992,876,1326,-24.216959511077164
persistent-segment-release,persistent-segment,sparse-branch,affine-u64,release,clang++,get_ns,baseline,candidate,28594737,27683415,30545250,18687410,17087509,20749486,-34.64737934117037
persistent-segment-release,persistent-segment,sparse-branch,affine-u64,release,clang++,mixed_ns,baseline,candidate,26723704,26211631,28736450,24966833,22906001,30320985,-6.574204683602247
persistent-segment-release,persistent-segment,sparse-branch,affine-u64,release,clang++,range_ns,baseline,candidate,5388467,5169284,5604788,5458212,5028622,5612184,1.2943384454242812
persistent-segment-release,persistent-segment,sparse-branch,affine-u64,release,clang++,update_ns,baseline,candidate,39414757,38311980,41538843,37933218,32210404,52535851,-3.7588434199911425
