mode,compiler,shape,scalar,metric,original_delta_percent,recheck_delta_percent,original_baseline_median_ns,original_baseline_min_ns,original_baseline_max_ns,original_candidate_median_ns,original_candidate_min_ns,original_candidate_max_ns,recheck_baseline_median_ns,recheck_baseline_min_ns,recheck_baseline_max_ns,recheck_candidate_median_ns,recheck_candidate_min_ns,recheck_candidate_max_ns
assert,clang++,dense-sequential,u64,build_ns,36.67597253544592,1.3178296524253286,3880347,3255307,4476599,5303502,4187836,9916995,3974110,3244696,5648134,4026482,3315955,5976800
assert,clang++,dense-sequential,u64,get_ns,-26.873986139325734,-35.01927147620325,99834970,90345694,111563790,73005334,71600553,191796214,103828839,98260774,155008721,67468736,65852513,73253686
assert,clang++,dense-sequential,u64,mixed_ns,-14.198634490952578,-27.212797366412957,24605183,23766362,28808099,21111583,18868831,41047065,25834878,24971663,42974894,18804485,17519251,20988889
assert,clang++,dense-sequential,u64,range_ns,10.205109171314808,-1.1180264356610015,21203830,19064264,21412953,23367704,21697756,50755394,21594391,19826055,23099132,21352960,20557666,27267865
assert,clang++,dense-sequential,u64,update_ns,14.817113277502948,-0.8118306144164089,40305523,33083525,44194103,46277638,36872815,115866985,42463661,36526940,50880003,42118928,31483961,51561731
assert,clang++,dense-branch,u64,build_ns,19.017421812721302,-3.97770013303147,3452224,3218260,4230145,4108748,3208692,4166103,4386932,3253169,6938087,4212433,3743597,8645851
assert,clang++,dense-branch,u64,get_ns,-28.202327305793595,-28.950889188776085,56270388,52009521,57890854,40400829,34218269,73196656,57410475,52883514,62708626,40789632,38954173,45201416
assert,clang++,dense-branch,u64,mixed_ns,-25.162654275849317,-26.27653822262618,16533534,14077020,16894847,12373258,11489862,19932099,16056746,15134838,17344425,11837589,11150473,12629047
assert,clang++,dense-branch,u64,range_ns,7.819407628354225,5.799336636639918,11972045,11123447,13918161,12908188,10903157,19389099,11349436,10723892,11828397,12007628,11342495,12805634
assert,clang++,dense-branch,u64,update_ns,11.522404483051595,-4.2993910553212995,38561769,34568690,48569434,43005012,34141361,45384918,46750388,38824622,51320612,44740406,42828702,54618174
release,g++,sparse-branch,u64,build_ns,11.45752143413874,10.563380281690149,1283,1097,1600,1430,1275,1768,1278,1073,1862,1413,1093,1942
release,g++,sparse-branch,u64,get_ns,-18.830299936782414,-25.770292914651417,20041890,18295497,20331002,16267942,14855361,16998158,22009517,21295710,25511381,16337600,15551205,16932647
release,g++,sparse-branch,u64,mixed_ns,-4.998341000143636,-11.408163259842386,16868597,14976291,16973714,16025447,15927857,16731969,18675995,17426470,20669593,16545407,14299140,22003345
release,g++,sparse-branch,u64,range_ns,7.271469799294206,-8.199908454618953,3890919,3811105,3970946,4173846,4032471,5527729,4441513,4063976,4903973,4077313,3902075,4874826
release,g++,sparse-branch,u64,update_ns,5.283301706799071,2.3474242884602203,25731031,22214779,27065128,27090479,25444662,28521461,27376474,26310674,34149114,28019116,22840217,32574445
release,clang++,dense-sequential,u64,build_ns,5.520402679285352,-4.07117123740901,3814450,3259017,4313232,4025023,3337443,5177770,4080300,3278188,5271054,3914184,3185040,4819107
release,clang++,dense-sequential,u64,get_ns,-29.62913978011814,-33.03307624933436,95320280,92560152,119605590,67077701,64749346,68372818,99325772,94694118,103433965,66515414,62805204,69834978
release,clang++,dense-sequential,u64,mixed_ns,-21.853713669758623,-26.78090075208266,24929438,23770070,25744823,19481430,18490638,20385658,26043015,24594585,36523447,19068461,18508529,19934963
release,clang++,dense-sequential,u64,range_ns,5.542687907758803,0.1609690274587905,19651783,19492274,20436005,20741020,20671947,22027763,20701498,19689694,23300553,20734821,20195269,21918531
release,clang++,dense-sequential,u64,update_ns,0.2745608240280806,-6.381748105323359,39350115,33480411,42660106,39458155,35482235,43540306,42210237,34048506,78234231,39516486,31467577,44039707
