compiler,mode,workload,size,baseline_median_ns,baseline_min_ns,baseline_max_ns,final_median_ns,final_min_ns,final_max_ns,delta_percent,separated_faster,separated_slower
clang++,assert,all-same,2048,29294,27453,32373,2351,2239,2379,-91.97446576090667,True,False
clang++,assert,all-same,200000,4716502,3962620,4898392,338538,248303,547771,-92.82226531442159,True,False
clang++,assert,collinear,2048,139758,135480,165853,138574,134679,165104,-0.8471786946006699,False,False
clang++,assert,collinear,200000,20480927,19862954,31321650,21020052,19599404,21985740,2.6323271402705517,False,False
clang++,assert,duplicates,2048,178943,170649,347379,172333,171015,175856,-3.6939137043639603,False,False
clang++,assert,duplicates,200000,15843065,15427868,16728000,15143323,14884480,19916069,-4.416708509369871,False,False
clang++,assert,late-different,2048,31505,30103,32515,31972,30651,33406,1.4823043961275983,False,False
clang++,assert,late-different,200000,4426959,4377097,4578858,4425084,4235419,5022788,-0.04235413067977811,False,False
clang++,assert,parabola,2048,181681,172717,187267,176446,172550,207537,-2.881424034433977,False,False
clang++,assert,parabola,200000,26510963,25503497,28028484,28072051,25232661,29346225,5.888462067560507,False,False
clang++,assert,random,2048,188670,182818,205232,191606,189364,207448,1.5561562516563265,False,False
clang++,assert,random,200000,25951092,25062655,26145028,25834763,23967919,26325902,-0.4482624469136054,False,False
clang++,assert,reversed,2048,100101,97518,186289,98191,93514,124480,-1.9080728464251129,False,False
clang++,assert,reversed,200000,10323942,9995028,11143599,10260064,9505259,10970785,-0.618736525253627,False,False
clang++,assert,sorted,2048,99612,97848,103387,97699,96991,98447,-1.9204513512428245,False,False
clang++,assert,sorted,200000,11278937,10349578,12988951,10584092,10581862,11312072,-6.160553960005277,False,False
clang++,assert,tiny,200000,5876938,5285801,6680158,4239006,4012482,4513140,-27.870499909987135,True,False
clang++,assert,wide,2048,187629,184019,188606,183191,182531,192214,-2.3653060028034023,False,False
clang++,assert,wide,200000,24678018,24226485,27079995,26310060,26023340,26993959,6.613343097488622,False,False
clang++,release,all-same,2048,28555,26927,120222,1200,1170,1213,-95.79758361057608,True,False
clang++,release,all-same,200000,4034731,3805615,4873485,127166,120575,132234,-96.84821615121305,True,False
clang++,release,collinear,2048,175865,137024,200206,161704,137078,225333,-8.052199130014504,False,False
clang++,release,collinear,200000,20976401,20210853,21469124,21308015,19709501,23072453,1.5808908306053082,False,False
clang++,release,duplicates,2048,172930,168150,185370,173701,170632,265027,0.4458451396518903,False,False
clang++,release,duplicates,200000,15435531,14812997,19286433,16185455,14962655,17235157,4.858426963089246,False,False
clang++,release,late-different,2048,30366,28847,74464,32956,30572,56333,8.529276164130927,False,False
clang++,release,late-different,200000,4345858,4245231,4523290,4415679,4160872,4788805,1.6066102481949507,False,False
clang++,release,parabola,2048,175760,172567,263230,176520,173733,259090,0.4324078288575395,False,False
clang++,release,parabola,200000,25390456,24456508,26624007,25689882,24262120,27729259,1.1792856339405633,False,False
clang++,release,random,2048,190608,184263,195439,191838,188408,207852,0.6453034500125909,False,False
clang++,release,random,200000,25854330,24384488,32414912,25089669,24183008,26227871,-2.9575742245109393,False,False
clang++,release,reversed,2048,95909,92349,104489,99688,95481,102870,3.940193308240092,False,False
clang++,release,reversed,200000,9925537,9394527,10929274,10100336,9672072,11215248,1.7611037065299318,False,False
clang++,release,sorted,2048,102317,98976,125712,101239,97103,121295,-1.053588357750912,False,False
clang++,release,sorted,200000,10744634,10008526,12024490,10840618,10541222,11613652,0.8933203308739923,False,False
clang++,release,tiny,200000,5198272,5047275,5757296,4543558,3838769,5150057,-12.594839208106078,False,False
clang++,release,wide,2048,190789,186937,330514,191241,185787,206845,0.23691093302025124,False,False
clang++,release,wide,200000,25722276,24025481,26379505,24177037,23931509,25821023,-6.007396079569316,False,False
g++,assert,all-same,2048,27712,25719,27957,2391,2304,2747,-91.3719688221709,True,False
g++,assert,all-same,200000,4188569,3776532,4599603,279329,249134,290947,-93.33115916199543,True,False
g++,assert,collinear,2048,146764,142962,347339,144895,142400,267803,-1.2734730587882548,False,False
g++,assert,collinear,200000,21460061,20197653,23179372,20598527,19912094,23066398,-4.014592502789249,False,False
g++,assert,duplicates,2048,178631,177461,181343,203589,178019,398505,13.971819001181206,False,False
g++,assert,duplicates,200000,19002866,17523641,20627303,18939391,18361856,19908028,-0.3340285617969396,False,False
g++,assert,late-different,2048,29098,26915,30758,29950,28414,63737,2.9280362911540347,False,False
g++,assert,late-different,200000,4010374,3929112,5762811,4300562,4031210,5080939,7.235933606192346,False,False
g++,assert,parabola,2048,185390,183792,272847,184295,181573,185552,-0.5906467447003627,False,False
g++,assert,parabola,200000,24986106,24010083,28049740,25461606,25390866,28544880,1.903057643315842,False,False
g++,assert,random,2048,195222,189592,211684,191851,186313,192064,-1.7267521078566994,False,False
g++,assert,random,200000,25104888,24322034,27238417,27145933,24657611,28963841,8.130070128175838,False,False
g++,assert,reversed,2048,95960,93140,121077,97129,93929,125886,1.21821592330138,False,False
g++,assert,reversed,200000,10776118,10288497,11687950,11042261,10061844,12600094,2.469748382488013,False,False
g++,assert,sorted,2048,99667,98030,101503,100810,98631,123555,1.1468189069601786,False,False
g++,assert,sorted,200000,11654951,11301789,13727515,11087821,10905466,11891613,-4.866000723640962,False,False
g++,assert,tiny,200000,5378156,4876975,5611821,4117875,3786421,4552679,-23.43332919312865,True,False
g++,assert,wide,2048,194449,186401,496974,192154,186531,194091,-1.1802580625253967,False,False
g++,assert,wide,200000,26387330,26013164,28143987,25715340,24437353,29325826,-2.5466388603924695,False,False
g++,release,all-same,2048,25008,24608,28310,1186,1175,1244,-95.2575175943698,True,False
g++,release,all-same,200000,4068574,3725284,5314458,154602,122385,182223,-96.20009369376102,True,False
g++,release,collinear,2048,145229,142061,160373,143884,142088,256991,-0.9261235703612924,False,False
g++,release,collinear,200000,20884738,20397267,22275588,21480360,20869371,27296320,2.8519486334949384,False,False
g++,release,duplicates,2048,205465,179287,267082,186886,182071,325596,-9.04241598325749,False,False
g++,release,duplicates,200000,18781770,17517306,19348843,18045406,17405525,20931855,-3.9206315485707632,False,False
g++,release,late-different,2048,26298,25891,28005,28580,26825,29568,8.67746596699368,False,False
g++,release,late-different,200000,4143411,3877507,8680182,4301646,4099755,4843118,3.818954962469334,False,False
g++,release,parabola,2048,185967,182445,189831,184924,180642,187468,-0.5608521942064959,False,False
g++,release,parabola,200000,27187472,25015436,29670320,26780519,26533627,27804251,-1.496840162262969,False,False
g++,release,random,2048,191887,190960,234233,188570,186557,208487,-1.7286215324644139,False,False
g++,release,random,200000,25507297,25334639,30391656,26523269,25673104,28999569,3.9830641404300815,False,False
g++,release,reversed,2048,97470,93075,103573,114223,93438,303686,17.187852672617222,False,False
g++,release,reversed,200000,11418232,10283128,13825856,11135809,10736544,12276697,-2.4734389702363746,False,False
g++,release,sorted,2048,101632,100644,135684,101889,100973,123407,0.2528731108312421,False,False
g++,release,sorted,200000,12295614,11559479,12666397,13017595,12307091,13347091,5.871858046291956,False,False
g++,release,tiny,200000,4801042,4752578,5048008,4233487,3688773,5227752,-11.821496250189023,False,False
g++,release,wide,2048,210075,185202,336533,190216,186184,190715,-9.453290491491128,False,False
g++,release,wide,200000,25448349,25110750,27040918,27268665,26075444,28315492,7.152982694476573,False,False
