family,compiler,mode,workload,size,io,variant,stage,baseline_median_ns,candidate_median_ns,baseline_min_ns,baseline_max_ns,candidate_min_ns,candidate_max_ns,delta_percent,ranges_separated_faster,ranges_separated_slower
kernel,clang++,assert,all-same,2048,,fast-cases,full_ns,28450,2216,27920,128353,2159,2243,-92.21089630931458,True,False
kernel,clang++,assert,all-same,2048,,indices,full_ns,28450,22988,27920,128353,22639,24624,-19.198594024604564,True,False
kernel,clang++,assert,all-same,2048,,indices,construct_ns,17707,21956,16784,18622,21236,22539,23.996159710848808,False,True
kernel,clang++,assert,all-same,2048,,indices,calipers_ns,84,82,70,95,70,85,-2.3809523809523836,False,False
kernel,clang++,assert,all-same,2048,,records,full_ns,28450,37870,27920,128353,36631,41976,33.11072056239015,False,False
kernel,clang++,assert,all-same,2048,,records,construct_ns,17707,25829,16784,18622,25675,26415,45.86886542045519,False,True
kernel,clang++,assert,all-same,2048,,records,calipers_ns,84,62,70,95,52,73,-26.190476190476186,False,False
kernel,clang++,assert,all-same,200000,,fast-cases,full_ns,4593121,368876,4103227,8940475,251682,864507,-91.96894660515149,True,False
kernel,clang++,assert,all-same,200000,,indices,full_ns,4593121,4692281,4103227,8940475,4325206,5784661,2.1588806391122706,False,False
kernel,clang++,assert,all-same,200000,,indices,construct_ns,3886802,4233077,3279674,4654880,4072116,5617263,8.908995107031426,False,False
kernel,clang++,assert,all-same,200000,,indices,calipers_ns,40,76,39,64,41,121,89.99999999999999,False,False
kernel,clang++,assert,all-same,200000,,records,full_ns,4593121,6281649,4103227,8940475,5952988,7210955,36.762105766427666,False,False
kernel,clang++,assert,all-same,200000,,records,construct_ns,3886802,5572877,3279674,4654880,5307352,6987556,43.379492961051284,False,True
kernel,clang++,assert,all-same,200000,,records,calipers_ns,40,48,39,64,40,71,19.999999999999996,False,False
kernel,clang++,assert,collinear,2048,,fast-cases,full_ns,136742,135758,133294,139959,134228,137676,-0.7196033405976188,False,False
kernel,clang++,assert,collinear,2048,,indices,full_ns,136742,159472,133294,139959,155416,162048,16.622544646121895,False,True
kernel,clang++,assert,collinear,2048,,indices,construct_ns,118070,157568,113094,172556,156843,163014,33.453036334377906,False,False
kernel,clang++,assert,collinear,2048,,indices,calipers_ns,93,66,77,182,57,97,-29.032258064516125,False,False
kernel,clang++,assert,collinear,2048,,records,full_ns,136742,167232,133294,139959,165672,169382,22.29746529961534,False,True
kernel,clang++,assert,collinear,2048,,records,construct_ns,118070,148242,113094,172556,144542,149449,25.5543321758279,False,False
kernel,clang++,assert,collinear,2048,,records,calipers_ns,93,55,77,182,53,62,-40.86021505376344,True,False
kernel,clang++,assert,collinear,200000,,fast-cases,full_ns,20481035,21376515,19740541,24405890,19628114,24517058,4.372239977130055,False,False
kernel,clang++,assert,collinear,200000,,indices,full_ns,20481035,28691903,19740541,24405890,27775003,31996099,40.090102868336494,False,True
kernel,clang++,assert,collinear,200000,,indices,construct_ns,20644925,30000978,19079520,23399410,28446653,33368832,45.31890040772733,False,True
kernel,clang++,assert,collinear,200000,,indices,calipers_ns,79,168,71,143,109,415,112.65822784810125,False,False
kernel,clang++,assert,collinear,200000,,records,full_ns,20481035,28349793,19740541,24405890,23061105,31133126,38.419728299863756,False,False
kernel,clang++,assert,collinear,200000,,records,construct_ns,20644925,25267160,19079520,23399410,22504211,29366581,22.389207032721114,False,False
kernel,clang++,assert,collinear,200000,,records,calipers_ns,79,71,71,143,70,112,-10.126582278481012,False,False
kernel,clang++,assert,duplicates,2048,,fast-cases,full_ns,172462,174649,172378,188652,170309,377068,1.2681054377196244,False,False
kernel,clang++,assert,duplicates,2048,,indices,full_ns,172462,191370,172378,188652,187253,208678,10.963574584546155,False,False
kernel,clang++,assert,duplicates,2048,,indices,construct_ns,148315,192613,145289,151967,190459,195389,29.867511714931048,False,True
kernel,clang++,assert,duplicates,2048,,indices,calipers_ns,404,366,362,419,348,375,-9.405940594059404,False,False
kernel,clang++,assert,duplicates,2048,,records,full_ns,172462,166057,172378,188652,160566,168270,-3.713861604295443,True,False
kernel,clang++,assert,duplicates,2048,,records,construct_ns,148315,149891,145289,151967,148410,151068,1.0626032430974597,False,False
kernel,clang++,assert,duplicates,2048,,records,calipers_ns,404,326,362,419,298,363,-19.3069306930693,False,False
kernel,clang++,assert,duplicates,200000,,fast-cases,full_ns,23034550,19862971,16201290,39489671,15708604,21497879,-13.768790794697527,False,False
kernel,clang++,assert,duplicates,200000,,indices,full_ns,23034550,32419514,16201290,39489671,21481979,37278945,40.74298825025886,False,False
kernel,clang++,assert,duplicates,200000,,indices,construct_ns,17745800,26151948,15351343,27772100,21559963,32870331,47.369788907797904,False,False
kernel,clang++,assert,duplicates,200000,,indices,calipers_ns,415,376,357,545,357,460,-9.397590361445785,False,False
kernel,clang++,assert,duplicates,200000,,records,full_ns,23034550,17594399,16201290,39489671,15284863,23967809,-23.617353063116052,False,False
kernel,clang++,assert,duplicates,200000,,records,construct_ns,17745800,20514714,15351343,27772100,16288887,25537724,15.603207519525753,False,False
kernel,clang++,assert,duplicates,200000,,records,calipers_ns,415,469,357,545,407,696,13.012048192771086,False,False
kernel,clang++,assert,late-different,2048,,fast-cases,full_ns,30447,31862,29420,33861,30734,34362,4.6474201070713095,False,False
kernel,clang++,assert,late-different,2048,,indices,full_ns,30447,23712,29420,33861,23092,47107,-22.12040595132525,False,False
kernel,clang++,assert,late-different,2048,,indices,construct_ns,17942,22264,16265,20696,22137,22779,24.08873035336083,False,True
kernel,clang++,assert,late-different,2048,,indices,calipers_ns,86,66,77,93,62,75,-23.25581395348837,True,False
kernel,clang++,assert,late-different,2048,,records,full_ns,30447,38447,29420,33861,37063,39898,26.275166683088646,False,True
kernel,clang++,assert,late-different,2048,,records,construct_ns,17942,26499,16265,20696,25823,27357,47.69256493144578,False,True
kernel,clang++,assert,late-different,2048,,records,calipers_ns,86,65,77,93,58,72,-24.418604651162788,True,False
kernel,clang++,assert,late-different,200000,,fast-cases,full_ns,5235917,5293741,4655631,6287390,4611323,5476915,1.1043719753387915,False,False
kernel,clang++,assert,late-different,200000,,indices,full_ns,5235917,4647884,4655631,6287390,4310006,4949125,-11.230754803790822,False,False
kernel,clang++,assert,late-different,200000,,indices,construct_ns,3501001,3881760,3358373,4214462,3805622,4179230,10.875718116047373,False,False
kernel,clang++,assert,late-different,200000,,indices,calipers_ns,75,69,52,94,54,107,-7.9999999999999964,False,False
kernel,clang++,assert,late-different,200000,,records,full_ns,5235917,6016289,4655631,6287390,5596384,6259826,14.904208756555914,False,False
kernel,clang++,assert,late-different,200000,,records,construct_ns,3501001,5414155,3358373,4214462,5313418,5818566,54.6459141257029,False,True
kernel,clang++,assert,late-different,200000,,records,calipers_ns,75,77,52,94,52,122,2.6666666666666616,False,False
kernel,clang++,assert,parabola,2048,,fast-cases,full_ns,174614,179490,172209,236478,174759,187291,2.7924450502250675,False,False
kernel,clang++,assert,parabola,2048,,indices,full_ns,174614,190740,172209,236478,187629,192767,9.235227415900216,False,False
kernel,clang++,assert,parabola,2048,,indices,construct_ns,117264,162486,111691,144956,154573,306140,38.56426524764633,False,True
kernel,clang++,assert,parabola,2048,,indices,calipers_ns,33069,34625,32935,33265,34567,52085,4.705313133145839,False,True
kernel,clang++,assert,parabola,2048,,records,full_ns,174614,214809,172209,236478,208466,230470,23.01934552785001,False,False
kernel,clang++,assert,parabola,2048,,records,construct_ns,117264,147378,111691,144956,145237,181560,25.680515759312318,False,True
kernel,clang++,assert,parabola,2048,,records,calipers_ns,33069,32862,32935,33265,32832,55144,-0.6259638936768619,False,False
kernel,clang++,assert,parabola,200000,,fast-cases,full_ns,26802647,26688657,24232322,30484167,24436604,35063876,-0.4252938151966812,False,False
kernel,clang++,assert,parabola,200000,,indices,full_ns,26802647,40817074,24232322,30484167,37684065,68067626,52.28747369616143,False,True
kernel,clang++,assert,parabola,200000,,indices,construct_ns,20786037,30321616,19956524,22771324,29076859,33779955,45.8749255569977,False,True
kernel,clang++,assert,parabola,200000,,indices,calipers_ns,3357421,7535143,3329657,4938646,7485028,10195560,124.43247361590934,False,True
kernel,clang++,assert,parabola,200000,,records,full_ns,26802647,32758255,24232322,30484167,28341253,36847909,22.22022324884554,False,False
kernel,clang++,assert,parabola,200000,,records,construct_ns,20786037,24929351,19956524,22771324,23690697,29099365,19.933159938087286,False,True
kernel,clang++,assert,parabola,200000,,records,calipers_ns,3357421,3712131,3329657,4938646,3506057,3911462,10.56495446951693,False,False
kernel,clang++,assert,random,2048,,fast-cases,full_ns,190307,186249,184600,290225,183658,266558,-2.1323440546065053,False,False
kernel,clang++,assert,random,2048,,indices,full_ns,190307,211197,184600,290225,209037,273200,10.977000320534724,False,False
kernel,clang++,assert,random,2048,,indices,construct_ns,161884,221316,157912,165963,207874,254233,36.712707864890916,False,True
kernel,clang++,assert,random,2048,,indices,calipers_ns,883,868,827,904,855,1002,-1.6987542468856143,False,False
kernel,clang++,assert,random,2048,,records,full_ns,190307,210244,184600,290225,210177,237324,10.47623051175206,False,False
kernel,clang++,assert,random,2048,,records,construct_ns,161884,189540,157912,165963,189073,241516,17.083837809789728,False,True
kernel,clang++,assert,random,2048,,records,calipers_ns,883,812,827,904,780,853,-8.040770101925254,False,False
kernel,clang++,assert,random,200000,,fast-cases,full_ns,25540631,26232821,25391638,27049509,25150107,34819386,2.710152305947333,False,False
kernel,clang++,assert,random,200000,,indices,full_ns,25540631,38713838,25391638,27049509,35382050,45263945,51.57745319604672,False,True
kernel,clang++,assert,random,200000,,indices,construct_ns,24769416,37854224,24250346,25169131,37507389,44531842,52.8264695461532,False,True
kernel,clang++,assert,random,200000,,indices,calipers_ns,1240,1449,1226,1277,1377,1594,16.85483870967741,False,True
kernel,clang++,assert,random,200000,,records,full_ns,25540631,29225123,25391638,27049509,29006277,32351959,14.426002239333858,False,True
kernel,clang++,assert,random,200000,,records,construct_ns,24769416,28551293,24250346,25169131,27456511,31938418,15.268333334948236,False,True
kernel,clang++,assert,random,200000,,records,calipers_ns,1240,1200,1226,1277,1146,1215,-3.2258064516129004,True,False
kernel,clang++,assert,reversed,2048,,fast-cases,full_ns,95980,98528,95265,98361,92884,123632,2.654719733277777,False,False
kernel,clang++,assert,reversed,2048,,indices,full_ns,95980,104398,95265,98361,102456,122129,8.770577203584073,False,True
kernel,clang++,assert,reversed,2048,,indices,construct_ns,70076,110571,67446,91083,109218,120593,57.78725954677779,False,True
kernel,clang++,assert,reversed,2048,,indices,calipers_ns,866,900,801,958,875,1050,3.9260969976905313,False,False
kernel,clang++,assert,reversed,2048,,records,full_ns,95980,111387,95265,98361,109127,114371,16.05230256303396,False,True
kernel,clang++,assert,reversed,2048,,records,construct_ns,70076,94021,67446,91083,93624,95537,34.17004395228038,False,True
kernel,clang++,assert,reversed,2048,,records,calipers_ns,866,824,801,958,819,842,-4.84988452655889,False,False
kernel,clang++,assert,reversed,200000,,fast-cases,full_ns,11288347,11412547,9976181,15306562,10470428,11576010,1.1002496645434512,False,False
kernel,clang++,assert,reversed,200000,,indices,full_ns,11288347,12202920,9976181,15306562,11396548,13767714,8.101921388490263,False,False
kernel,clang++,assert,reversed,200000,,indices,construct_ns,9832929,11938470,9252786,12684094,11050175,12316635,21.413161836112103,False,False
kernel,clang++,assert,reversed,200000,,indices,calipers_ns,1172,1539,1119,1257,1317,1621,31.313993174061427,False,True
kernel,clang++,assert,reversed,200000,,records,full_ns,11288347,13008961,9976181,15306562,11885619,14077919,15.242391113597066,False,False
kernel,clang++,assert,reversed,200000,,records,construct_ns,9832929,11977675,9252786,12684094,11393110,13133781,21.81187314583477,False,False
kernel,clang++,assert,reversed,200000,,records,calipers_ns,1172,1185,1119,1257,1120,1367,1.1092150170648463,False,False
kernel,clang++,assert,sorted,2048,,fast-cases,full_ns,97517,99096,96704,102355,96962,100495,1.619204856589107,False,False
kernel,clang++,assert,sorted,2048,,indices,full_ns,97517,106131,96704,102355,105732,112654,8.833331624229611,False,True
kernel,clang++,assert,sorted,2048,,indices,construct_ns,70294,117186,68635,230227,107199,129355,66.70839616467978,False,False
kernel,clang++,assert,sorted,2048,,indices,calipers_ns,868,987,833,912,900,1208,13.709677419354849,False,False
kernel,clang++,assert,sorted,2048,,records,full_ns,97517,116283,96704,102355,112412,242169,19.243824153737286,False,True
kernel,clang++,assert,sorted,2048,,records,construct_ns,70294,98641,68635,230227,97998,99404,40.32634364241614,False,False
kernel,clang++,assert,sorted,2048,,records,calipers_ns,868,832,833,912,790,866,-4.147465437788023,False,False
kernel,clang++,assert,sorted,200000,,fast-cases,full_ns,10957761,11396909,10065848,11261773,10341643,19392892,4.007643532287308,False,False
kernel,clang++,assert,sorted,200000,,indices,full_ns,10957761,12550145,10065848,11261773,11688096,14149735,14.53201981682206,False,True
kernel,clang++,assert,sorted,200000,,indices,construct_ns,9997698,12774347,9621258,13306723,11805560,16654235,27.772883317739748,False,False
kernel,clang++,assert,sorted,200000,,indices,calipers_ns,1200,1498,1120,1284,1383,1814,24.83333333333333,False,True
kernel,clang++,assert,sorted,200000,,records,full_ns,10957761,14072178,10065848,11261773,12957998,14378811,28.422019790356813,False,True
kernel,clang++,assert,sorted,200000,,records,construct_ns,9997698,13567079,9621258,13306723,13237191,14023641,35.70202860698532,False,False
kernel,clang++,assert,sorted,200000,,records,calipers_ns,1200,1246,1120,1284,1094,1255,3.833333333333333,False,False
kernel,clang++,assert,tiny,200000,,fast-cases,full_ns,5533131,4525867,5329124,5679577,4201402,4804181,-18.20423192583006,True,False
kernel,clang++,assert,tiny,200000,,indices,full_ns,5533131,5280305,5329124,5679577,5041729,5364147,-4.569311660974595,False,False
kernel,clang++,assert,tiny,200000,,records,full_ns,5533131,5089988,5329124,5679577,4731353,7503430,-8.00890128934233,False,False
kernel,clang++,assert,wide,2048,,fast-cases,full_ns,185380,186463,181922,204671,183389,281506,0.5842054159024723,False,False
kernel,clang++,assert,wide,2048,,indices,full_ns,185380,211949,181922,204671,210484,245855,14.332182543963757,False,True
kernel,clang++,assert,wide,2048,,indices,construct_ns,159180,248019,158742,293046,217734,651338,55.810403316999626,False,False
kernel,clang++,assert,wide,2048,,indices,calipers_ns,866,951,816,931,915,983,9.815242494226318,False,False
kernel,clang++,assert,wide,2048,,records,full_ns,185380,215894,181922,204671,210230,239149,16.460243823497688,False,True
kernel,clang++,assert,wide,2048,,records,construct_ns,159180,192194,158742,293046,191618,216629,20.740042718934546,False,False
kernel,clang++,assert,wide,2048,,records,calipers_ns,866,784,816,931,769,818,-9.468822170900692,False,False
kernel,clang++,assert,wide,200000,,fast-cases,full_ns,25237057,25824664,24698372,35464665,24800237,27500605,2.3283499339879388,False,False
kernel,clang++,assert,wide,200000,,indices,full_ns,25237057,36248123,24698372,35464665,34884580,37141193,43.63054693738655,False,False
kernel,clang++,assert,wide,200000,,indices,construct_ns,28259242,35971190,24172163,32133337,34871929,36902065,27.29000303688258,False,True
kernel,clang++,assert,wide,200000,,indices,calipers_ns,1238,1407,1185,1336,1336,1475,13.651050080775452,False,False
kernel,clang++,assert,wide,200000,,records,full_ns,25237057,30324882,24698372,35464665,29733875,33599769,20.16013594612083,False,False
kernel,clang++,assert,wide,200000,,records,construct_ns,28259242,30841072,24172163,32133337,29193329,36806633,9.136232316493142,False,False
kernel,clang++,assert,wide,200000,,records,calipers_ns,1238,1246,1185,1336,1126,1311,0.646203554119551,False,False
kernel,clang++,release,all-same,2048,,fast-cases,full_ns,26686,1036,25822,27259,1022,1059,-96.11781458442628,True,False
kernel,clang++,release,all-same,2048,,indices,full_ns,26686,22370,25822,27259,20949,23856,-16.17327437607734,True,False
kernel,clang++,release,all-same,2048,,indices,construct_ns,17448,20302,16901,18979,19165,25124,16.35717560751948,False,True
kernel,clang++,release,all-same,2048,,indices,calipers_ns,67,66,55,71,62,68,-1.4925373134328401,False,False
kernel,clang++,release,all-same,2048,,records,full_ns,26686,36825,25822,27259,35153,37544,37.993704564190956,False,True
kernel,clang++,release,all-same,2048,,records,construct_ns,17448,23951,16901,18979,23851,24042,37.27074736359468,False,True
kernel,clang++,release,all-same,2048,,records,calipers_ns,67,65,55,71,47,70,-2.985074626865669,False,False
kernel,clang++,release,all-same,200000,,fast-cases,full_ns,4233943,126553,3751164,4813972,122376,195757,-97.01098951969831,True,False
kernel,clang++,release,all-same,200000,,indices,full_ns,4233943,4342290,3751164,4813972,4052215,4772620,2.559009415100766,False,False
kernel,clang++,release,all-same,200000,,indices,construct_ns,3405664,3591936,3124316,3653974,3293545,3831696,5.4694767305289105,False,False
kernel,clang++,release,all-same,200000,,indices,calipers_ns,40,40,37,65,37,67,0.0,False,False
kernel,clang++,release,all-same,200000,,records,full_ns,4233943,6449456,3751164,4813972,6059893,7034634,52.327416783834835,False,True
kernel,clang++,release,all-same,200000,,records,construct_ns,3405664,5240952,3124316,3653974,5149958,6848145,53.88928561361308,False,True
kernel,clang++,release,all-same,200000,,records,calipers_ns,40,57,37,65,40,68,42.50000000000001,False,False
kernel,clang++,release,collinear,2048,,fast-cases,full_ns,223058,200558,135543,380801,135437,251075,-10.087062557720417,False,False
kernel,clang++,release,collinear,2048,,indices,full_ns,223058,159187,135543,380801,156718,195296,-28.6342565610738,False,False
kernel,clang++,release,collinear,2048,,indices,construct_ns,114671,153732,112243,116262,152362,155456,34.06353829651787,False,True
kernel,clang++,release,collinear,2048,,indices,calipers_ns,62,65,56,67,61,71,4.8387096774193505,False,False
kernel,clang++,release,collinear,2048,,records,full_ns,223058,166408,135543,380801,159513,782113,-25.396981950882736,False,False
kernel,clang++,release,collinear,2048,,records,construct_ns,114671,165169,112243,116262,147624,220264,44.03728928848618,False,True
kernel,clang++,release,collinear,2048,,records,calipers_ns,62,50,56,67,49,57,-19.354838709677423,False,False
kernel,clang++,release,collinear,200000,,fast-cases,full_ns,21548284,20641261,20727023,25908592,19594677,22496484,-4.209258611961864,False,False
kernel,clang++,release,collinear,200000,,indices,full_ns,21548284,29771459,20727023,25908592,27581811,34155671,38.16162344992298,False,True
kernel,clang++,release,collinear,200000,,indices,construct_ns,20020740,29353722,19138890,20778829,27781409,29873326,46.61656861834278,False,True
kernel,clang++,release,collinear,200000,,indices,calipers_ns,71,113,67,94,87,153,59.1549295774648,False,False
kernel,clang++,release,collinear,200000,,records,full_ns,21548284,24908663,20727023,25908592,23619856,30955823,15.594647815111395,False,False
kernel,clang++,release,collinear,200000,,records,construct_ns,20020740,24680681,19138890,20778829,24504429,26273063,23.27556823573953,False,True
kernel,clang++,release,collinear,200000,,records,calipers_ns,71,71,67,94,61,146,0.0,False,False
kernel,clang++,release,duplicates,2048,,fast-cases,full_ns,165727,209163,164949,177446,163859,524765,26.20936841914716,False,False
kernel,clang++,release,duplicates,2048,,indices,full_ns,165727,218261,164949,177446,191083,299840,31.69911963651064,False,True
kernel,clang++,release,duplicates,2048,,indices,construct_ns,144020,189656,142527,195859,185020,274098,31.68726565754756,False,False
kernel,clang++,release,duplicates,2048,,indices,calipers_ns,328,323,305,486,318,382,-1.5243902439024404,False,False
kernel,clang++,release,duplicates,2048,,records,full_ns,165727,168835,164949,177446,158884,491126,1.8753733549753404,False,False
kernel,clang++,release,duplicates,2048,,records,construct_ns,144020,173059,142527,195859,149417,205553,20.163171781696974,False,False
kernel,clang++,release,duplicates,2048,,records,calipers_ns,328,315,305,486,308,335,-3.963414634146345,False,False
kernel,clang++,release,duplicates,200000,,fast-cases,full_ns,16049725,15702095,15066105,17339595,15171766,18144196,-2.165956114512868,False,False
kernel,clang++,release,duplicates,200000,,indices,full_ns,16049725,20768243,15066105,17339595,19702299,21669303,29.399369771133156,False,True
kernel,clang++,release,duplicates,200000,,indices,construct_ns,15598840,19697456,14809728,16173242,18671238,20694987,26.27513327914126,False,True
kernel,clang++,release,duplicates,200000,,indices,calipers_ns,371,304,353,415,262,383,-18.059299191374667,False,False
kernel,clang++,release,duplicates,200000,,records,full_ns,16049725,15977958,15066105,17339595,15285869,16267840,-0.44715407896397386,False,False
kernel,clang++,release,duplicates,200000,,records,construct_ns,15598840,15025002,14809728,16173242,13958206,15698758,-3.678722263963219,False,False
kernel,clang++,release,duplicates,200000,,records,calipers_ns,371,331,353,415,293,373,-10.78167115902965,False,False
kernel,clang++,release,late-different,2048,,fast-cases,full_ns,29890,31259,29360,35284,30220,32255,4.580127132820344,False,False
kernel,clang++,release,late-different,2048,,indices,full_ns,29890,22834,29360,35284,21935,23218,-23.606557377049175,True,False
kernel,clang++,release,late-different,2048,,indices,construct_ns,17678,20270,16539,18810,19918,20579,14.662292114492592,False,True
kernel,clang++,release,late-different,2048,,indices,calipers_ns,63,58,58,70,56,73,-7.936507936507942,False,False
kernel,clang++,release,late-different,2048,,records,full_ns,29890,37427,29360,35284,35433,39876,25.2157912345266,False,True
kernel,clang++,release,late-different,2048,,records,construct_ns,17678,23923,16539,18810,23872,24066,35.32639438850549,False,True
kernel,clang++,release,late-different,2048,,records,calipers_ns,63,63,58,70,53,72,0.0,False,False
kernel,clang++,release,late-different,200000,,fast-cases,full_ns,4592935,4903197,4213844,5182025,4490862,5036816,6.755201194878646,False,False
kernel,clang++,release,late-different,200000,,indices,full_ns,4592935,4190073,4213844,5182025,4098248,4691967,-8.771341201214478,False,False
kernel,clang++,release,late-different,200000,,indices,construct_ns,3664115,3738970,3340718,5302679,3530903,5158465,2.042921687774535,False,False
kernel,clang++,release,late-different,200000,,indices,calipers_ns,51,77,49,77,50,80,50.98039215686274,False,False
kernel,clang++,release,late-different,200000,,records,full_ns,4592935,6204210,4213844,5182025,5648489,6557534,35.08159815020242,False,True
kernel,clang++,release,late-different,200000,,records,construct_ns,3664115,5208978,3340718,5302679,5201907,5528230,42.161968169667176,False,False
kernel,clang++,release,late-different,200000,,records,calipers_ns,51,63,49,77,51,81,23.529411764705888,False,False
kernel,clang++,release,parabola,2048,,fast-cases,full_ns,199887,175838,176771,261290,172375,178569,-12.031297683191,False,False
kernel,clang++,release,parabola,2048,,indices,full_ns,199887,190070,176771,261290,189323,210510,-4.911274870301718,False,False
kernel,clang++,release,parabola,2048,,indices,construct_ns,115296,157675,115075,116082,150481,171719,36.75669580904801,False,True
kernel,clang++,release,parabola,2048,,indices,calipers_ns,33267,34387,33193,33455,34365,34499,3.366699732467615,False,True
kernel,clang++,release,parabola,2048,,records,full_ns,199887,209015,176771,261290,207181,271003,4.566580117766539,False,False
kernel,clang++,release,parabola,2048,,records,construct_ns,115296,156270,115075,116082,144574,183394,35.53809325562032,False,True
kernel,clang++,release,parabola,2048,,records,calipers_ns,33267,32538,33193,33455,32474,40341,-2.191360808007936,False,False
kernel,clang++,release,parabola,200000,,fast-cases,full_ns,25276683,24645591,24998681,26634036,24418453,30699470,-2.496735825661933,False,False
kernel,clang++,release,parabola,200000,,indices,full_ns,25276683,38145719,24998681,26634036,35560881,42621600,50.912677110362935,False,True
kernel,clang++,release,parabola,200000,,indices,construct_ns,21381295,30330891,20549246,22950558,27331242,31396046,41.85712792419729,False,True
kernel,clang++,release,parabola,200000,,indices,calipers_ns,3699638,7193253,3389045,5215528,6762265,7910658,94.4312659779146,False,True
kernel,clang++,release,parabola,200000,,records,full_ns,25276683,30538728,24998681,26634036,29437053,30683517,20.81778293457255,False,True
kernel,clang++,release,parabola,200000,,records,construct_ns,21381295,25334045,20549246,22950558,24807258,30095687,18.486953199046184,False,True
kernel,clang++,release,parabola,200000,,records,calipers_ns,3699638,3755130,3389045,5215528,3516615,4341589,1.4999305337441093,False,False
kernel,clang++,release,random,2048,,fast-cases,full_ns,188258,188999,184503,196257,184899,199348,0.3936087709420111,False,False
kernel,clang++,release,random,2048,,indices,full_ns,188258,241339,184503,196257,212630,462608,28.195880121960283,False,True
kernel,clang++,release,random,2048,,indices,construct_ns,168169,209572,162357,188106,207467,365198,24.619876433825503,False,True
kernel,clang++,release,random,2048,,indices,calipers_ns,807,851,795,857,831,912,5.4522924411400275,False,False
kernel,clang++,release,random,2048,,records,full_ns,188258,213895,184503,196257,206333,236382,13.618013577112254,False,True
kernel,clang++,release,random,2048,,records,construct_ns,168169,195375,162357,188106,192142,399374,16.17777354922727,False,True
kernel,clang++,release,random,2048,,records,calipers_ns,807,808,795,857,773,845,0.12391573729864103,False,False
kernel,clang++,release,random,200000,,fast-cases,full_ns,25978001,26233947,25771136,29140367,24123954,26631726,0.9852413201462351,False,False
kernel,clang++,release,random,200000,,indices,full_ns,25978001,37071180,25771136,29140367,35877328,38362290,42.70220406874263,False,True
kernel,clang++,release,random,200000,,indices,construct_ns,25539913,37227923,23717037,27561408,34911003,42498107,45.76370326711763,False,True
kernel,clang++,release,random,200000,,indices,calipers_ns,1157,1389,1135,1229,1217,1414,20.051858254105447,False,False
kernel,clang++,release,random,200000,,records,full_ns,25978001,29978163,25771136,29140367,28661291,33017938,15.398267172289358,False,False
kernel,clang++,release,random,200000,,records,construct_ns,25539913,28129561,23717037,27561408,27944174,30832606,10.13961167369677,False,True
kernel,clang++,release,random,200000,,records,calipers_ns,1157,1202,1135,1229,1187,1402,3.889369057908376,False,False
kernel,clang++,release,reversed,2048,,fast-cases,full_ns,95143,95813,92707,100159,94046,98444,0.7042031468421195,False,False
kernel,clang++,release,reversed,2048,,indices,full_ns,95143,104042,92707,100159,102852,779639,9.353289259325436,False,True
kernel,clang++,release,reversed,2048,,indices,construct_ns,71112,102844,66173,94726,101921,125895,44.62256721790978,False,True
kernel,clang++,release,reversed,2048,,indices,calipers_ns,853,845,783,863,832,871,-0.9378663540445475,False,False
kernel,clang++,release,reversed,2048,,records,full_ns,95143,110184,92707,100159,107711,122263,15.80883512186919,False,True
kernel,clang++,release,reversed,2048,,records,construct_ns,71112,93216,66173,94726,91630,299930,31.083361457981784,False,False
kernel,clang++,release,reversed,2048,,records,calipers_ns,853,831,783,863,806,866,-2.579132473622514,False,False
kernel,clang++,release,reversed,200000,,fast-cases,full_ns,10087885,10037683,9605061,10557748,9575189,10382022,-0.497646434312049,False,False
kernel,clang++,release,reversed,200000,,indices,full_ns,10087885,12418984,9605061,10557748,11111159,13136822,23.107906166654367,False,True
kernel,clang++,release,reversed,200000,,indices,construct_ns,9448070,11498293,9059788,10726559,10430170,14192778,21.699913315629548,False,False
kernel,clang++,release,reversed,200000,,indices,calipers_ns,1125,1471,1102,1414,1355,1570,30.75555555555556,False,False
kernel,clang++,release,reversed,200000,,records,full_ns,10087885,12976120,9605061,10557748,12570893,14423444,28.630728839593232,False,True
kernel,clang++,release,reversed,200000,,records,construct_ns,9448070,13030313,9059788,10726559,12233446,15896020,37.9150768357982,False,True
kernel,clang++,release,reversed,200000,,records,calipers_ns,1125,1180,1102,1414,1114,1254,4.888888888888898,False,False
kernel,clang++,release,sorted,2048,,fast-cases,full_ns,99315,101582,95730,103061,99686,106563,2.2826360569903947,False,False
kernel,clang++,release,sorted,2048,,indices,full_ns,99315,106784,95730,103061,105201,137564,7.520515531390015,False,True
kernel,clang++,release,sorted,2048,,indices,construct_ns,69850,107376,67870,139450,104570,199639,53.723693629205435,False,False
kernel,clang++,release,sorted,2048,,indices,calipers_ns,830,847,824,874,846,906,2.048192771084345,False,False
kernel,clang++,release,sorted,2048,,records,full_ns,99315,112797,95730,103061,112448,118452,13.574988672405986,False,True
kernel,clang++,release,sorted,2048,,records,construct_ns,69850,99275,67870,139450,97264,460088,42.1259842519685,False,False
kernel,clang++,release,sorted,2048,,records,calipers_ns,830,844,824,874,814,876,1.6867469879518149,False,False
kernel,clang++,release,sorted,200000,,fast-cases,full_ns,10577149,11304456,9896315,13490439,10075378,13658267,6.876210215058887,False,False
kernel,clang++,release,sorted,200000,,indices,full_ns,10577149,12017087,9896315,13490439,11926170,13130791,13.613668484768437,False,False
kernel,clang++,release,sorted,200000,,indices,construct_ns,10471371,11855757,9658727,11749775,11480333,13199519,13.220675688025963,False,False
kernel,clang++,release,sorted,200000,,indices,calipers_ns,1139,1480,1097,1199,1250,1691,29.93854258121158,False,True
kernel,clang++,release,sorted,200000,,records,full_ns,10577149,13854863,9896315,13490439,12947138,21981450,30.988634082775988,False,False
kernel,clang++,release,sorted,200000,,records,construct_ns,10471371,13744647,9658727,11749775,12379597,13869113,31.259287823915315,False,True
kernel,clang++,release,sorted,200000,,records,calipers_ns,1139,1182,1097,1199,1092,1232,3.7752414398595224,False,False
kernel,clang++,release,tiny,200000,,fast-cases,full_ns,5641449,3953604,5088878,5974055,3856756,4901519,-29.918643242188313,True,False
kernel,clang++,release,tiny,200000,,indices,full_ns,5641449,5005605,5088878,5974055,4821267,5188640,-11.27093411639456,False,False
kernel,clang++,release,tiny,200000,,records,full_ns,5641449,5375426,5088878,5974055,4749059,6068709,-4.715508373823818,False,False
kernel,clang++,release,wide,2048,,fast-cases,full_ns,196696,191179,187213,210922,182253,280770,-2.8048358888843716,False,False
kernel,clang++,release,wide,2048,,indices,full_ns,196696,215432,187213,210922,211927,234759,9.525358929515605,False,True
kernel,clang++,release,wide,2048,,indices,construct_ns,168227,211106,160955,485254,207406,285369,25.488774096904777,False,False
kernel,clang++,release,wide,2048,,indices,calipers_ns,809,890,779,883,884,900,10.012360939431385,False,True
kernel,clang++,release,wide,2048,,records,full_ns,196696,213456,187213,210922,209840,263842,8.52076300483995,False,False
kernel,clang++,release,wide,2048,,records,construct_ns,168227,194496,160955,485254,191543,197232,15.615210400233014,False,False
kernel,clang++,release,wide,2048,,records,calipers_ns,809,815,779,883,803,833,0.7416563658838138,False,False
kernel,clang++,release,wide,200000,,fast-cases,full_ns,25734928,26524361,24526715,30802099,25085320,27251914,3.0675547256242552,False,False
kernel,clang++,release,wide,200000,,indices,full_ns,25734928,35781453,24526715,30802099,34818771,36457275,39.03848108687151,False,True
kernel,clang++,release,wide,200000,,indices,construct_ns,25324942,35155760,23994518,27693987,33979888,36528777,38.818718716117885,False,True
kernel,clang++,release,wide,200000,,indices,calipers_ns,1207,1348,1153,31435,1306,1435,11.681855840927913,False,False
kernel,clang++,release,wide,200000,,records,full_ns,25734928,29454884,24526715,30802099,27804155,32251295,14.454891810849446,False,False
kernel,clang++,release,wide,200000,,records,construct_ns,25324942,28691969,23994518,27693987,27495132,33057105,13.295299945800476,False,False
kernel,clang++,release,wide,200000,,records,calipers_ns,1207,1182,1153,31435,1124,1222,-2.071251035625521,False,False
kernel,g++,assert,all-same,2048,,fast-cases,full_ns,26215,2546,25759,28959,2510,2687,-90.28800305168797,True,False
kernel,g++,assert,all-same,2048,,indices,full_ns,26215,24973,25759,28959,24580,25098,-4.737745565515928,True,False
kernel,g++,assert,all-same,2048,,indices,construct_ns,16991,23867,16843,18385,23298,25905,40.468483314696016,False,True
kernel,g++,assert,all-same,2048,,indices,calipers_ns,106,46,89,109,45,49,-56.60377358490566,True,False
kernel,g++,assert,all-same,2048,,records,full_ns,26215,38878,25759,28959,37745,41438,48.30440587449934,False,True
kernel,g++,assert,all-same,2048,,records,construct_ns,16991,24878,16843,18385,23331,25310,46.418692248837615,False,True
kernel,g++,assert,all-same,2048,,records,calipers_ns,106,69,89,109,58,76,-34.905660377358494,True,False
kernel,g++,assert,all-same,200000,,fast-cases,full_ns,4447417,280884,4107990,4518656,262340,487043,-93.68433407526211,True,False
kernel,g++,assert,all-same,200000,,indices,full_ns,4447417,3917616,4107990,4518656,3768842,4667953,-11.912555085345044,False,False
kernel,g++,assert,all-same,200000,,indices,construct_ns,3192114,3997710,3149169,3558191,3627081,4266311,25.23706860093342,False,True
kernel,g++,assert,all-same,200000,,indices,calipers_ns,80,73,75,421,61,102,-8.750000000000002,False,False
kernel,g++,assert,all-same,200000,,records,full_ns,4447417,6013232,4107990,4518656,5841441,6282321,35.20728998427627,False,True
kernel,g++,assert,all-same,200000,,records,construct_ns,3192114,5118696,3149169,3558191,4924049,5390993,60.35442343224584,False,True
kernel,g++,assert,all-same,200000,,records,calipers_ns,80,54,75,421,50,133,-32.49999999999999,False,False
kernel,g++,assert,collinear,2048,,fast-cases,full_ns,144166,143717,143506,146412,140279,146550,-0.3114465269203559,False,False
kernel,g++,assert,collinear,2048,,indices,full_ns,144166,168545,143506,146412,167703,171440,16.910367215570933,False,True
kernel,g++,assert,collinear,2048,,indices,construct_ns,122735,169464,121339,156660,167543,172604,38.07308428728562,False,True
kernel,g++,assert,collinear,2048,,indices,calipers_ns,123,52,102,203,51,66,-57.72357723577235,True,False
kernel,g++,assert,collinear,2048,,records,full_ns,144166,166275,143506,146412,162755,170671,15.335793460316571,False,True
kernel,g++,assert,collinear,2048,,records,construct_ns,122735,184391,121339,156660,183886,249505,50.2350592740457,False,True
kernel,g++,assert,collinear,2048,,records,calipers_ns,123,78,102,203,57,86,-36.58536585365854,True,False
kernel,g++,assert,collinear,200000,,fast-cases,full_ns,20852207,20939467,20241712,24510869,19859063,24177710,0.4184688939640857,False,False
kernel,g++,assert,collinear,200000,,indices,full_ns,20852207,29252120,20241712,24510869,28825613,31716976,40.28308849993672,False,True
kernel,g++,assert,collinear,200000,,indices,construct_ns,23412391,29487682,19448116,23726064,29397470,31284105,25.949041257682737,False,True
kernel,g++,assert,collinear,200000,,indices,calipers_ns,297,91,233,399,89,134,-69.36026936026936,True,False
kernel,g++,assert,collinear,200000,,records,full_ns,20852207,27607861,20241712,24510869,23121603,60491198,32.397788876736165,False,False
kernel,g++,assert,collinear,200000,,records,construct_ns,23412391,29232467,19448116,23726064,28488000,52837188,24.858956097222197,False,True
kernel,g++,assert,collinear,200000,,records,calipers_ns,297,170,233,399,76,262,-42.76094276094277,False,False
kernel,g++,assert,duplicates,2048,,fast-cases,full_ns,180576,180811,179071,350062,176960,198045,0.130139110402272,False,False
kernel,g++,assert,duplicates,2048,,indices,full_ns,180576,206312,179071,350062,205068,208060,14.252170831118205,False,False
kernel,g++,assert,duplicates,2048,,indices,construct_ns,163032,212891,158246,172190,211797,276647,30.582339663378978,False,True
kernel,g++,assert,duplicates,2048,,indices,calipers_ns,473,415,458,570,396,457,-12.262156448202955,True,False
kernel,g++,assert,duplicates,2048,,records,full_ns,180576,218169,179071,350062,194951,349970,20.818381180223277,False,False
kernel,g++,assert,duplicates,2048,,records,construct_ns,163032,198325,158246,172190,196837,198926,21.647897345306433,False,True
kernel,g++,assert,duplicates,2048,,records,calipers_ns,473,387,458,570,376,439,-18.181818181818176,True,False
kernel,g++,assert,duplicates,200000,,fast-cases,full_ns,20018339,18453481,18065934,25926880,17763625,19608754,-7.817122089899664,False,False
kernel,g++,assert,duplicates,200000,,indices,full_ns,20018339,25643221,18065934,25926880,22983337,27864776,28.09864494751537,False,False
kernel,g++,assert,duplicates,200000,,indices,construct_ns,18269281,26949788,17493552,22536102,24731655,29910291,47.5142234661561,False,True
kernel,g++,assert,duplicates,200000,,indices,calipers_ns,501,367,414,542,345,416,-26.74650698602794,False,False
kernel,g++,assert,duplicates,200000,,records,full_ns,20018339,20530300,18065934,25926880,19369191,21961241,2.557459937110673,False,False
kernel,g++,assert,duplicates,200000,,records,construct_ns,18269281,20539467,17493552,22536102,19683726,28327764,12.426247097518516,False,False
kernel,g++,assert,duplicates,200000,,records,calipers_ns,501,362,414,542,360,469,-27.744510978043913,False,False
kernel,g++,assert,late-different,2048,,fast-cases,full_ns,27322,28983,27090,30464,27638,125665,6.079349974379622,False,False
kernel,g++,assert,late-different,2048,,indices,full_ns,27322,26055,27090,30464,25725,54356,-4.6372886318717494,False,False
kernel,g++,assert,late-different,2048,,indices,construct_ns,17068,25775,16927,17455,25033,26349,51.01359268807124,False,True
kernel,g++,assert,late-different,2048,,indices,calipers_ns,157,53,124,162,49,66,-66.24203821656052,True,False
kernel,g++,assert,late-different,2048,,records,full_ns,27322,38961,27090,30464,37897,1268098,42.59937047068296,False,True
kernel,g++,assert,late-different,2048,,records,construct_ns,17068,22854,16927,17455,22769,23755,33.89969533630186,False,True
kernel,g++,assert,late-different,2048,,records,calipers_ns,157,76,124,162,66,87,-51.59235668789809,True,False
kernel,g++,assert,late-different,200000,,fast-cases,full_ns,4083224,4633076,4023302,4373283,4217926,5035986,13.466123827642074,False,False
kernel,g++,assert,late-different,200000,,indices,full_ns,4083224,4882037,4023302,4373283,3957670,5633242,19.56329116404096,False,False
kernel,g++,assert,late-different,200000,,indices,construct_ns,3166760,4205255,3014965,4041133,3986816,4819867,32.79361239879246,False,False
kernel,g++,assert,late-different,200000,,indices,calipers_ns,117,70,100,145,54,75,-40.17094017094017,True,False
kernel,g++,assert,late-different,200000,,records,full_ns,4083224,5846562,4023302,4373283,5767548,7671675,43.184944054012234,False,True
kernel,g++,assert,late-different,200000,,records,construct_ns,3166760,5505660,3014965,4041133,4942294,7474832,73.85782313784435,False,True
kernel,g++,assert,late-different,200000,,records,calipers_ns,117,87,100,145,62,176,-25.64102564102564,False,False
kernel,g++,assert,parabola,2048,,fast-cases,full_ns,186525,182047,183970,214011,181244,189683,-2.40075056962874,False,False
kernel,g++,assert,parabola,2048,,indices,full_ns,186525,201120,183970,214011,198672,343807,7.824688379573774,False,False
kernel,g++,assert,parabola,2048,,indices,construct_ns,126280,169330,120369,253757,166032,260879,34.09090909090908,False,False
kernel,g++,assert,parabola,2048,,indices,calipers_ns,34324,36601,34161,911407,36507,36713,6.633842209532692,False,False
kernel,g++,assert,parabola,2048,,records,full_ns,186525,209050,183970,214011,204195,292847,12.076129205200381,False,False
kernel,g++,assert,parabola,2048,,records,construct_ns,126280,184847,120369,253757,183141,237657,46.37868229331643,False,False
kernel,g++,assert,parabola,2048,,records,calipers_ns,34324,34562,34161,911407,34531,34779,0.693392378510671,False,False
kernel,g++,assert,parabola,200000,,fast-cases,full_ns,25818205,26245286,25026425,33652871,25069713,28087942,1.6541854865588013,False,False
kernel,g++,assert,parabola,200000,,indices,full_ns,25818205,37352813,25026425,33652871,36884893,40548578,44.67625847730312,False,True
kernel,g++,assert,parabola,200000,,indices,construct_ns,21175548,30728611,20477647,24118761,29538856,32382243,45.11365184032072,False,True
kernel,g++,assert,parabola,200000,,indices,calipers_ns,3811578,7024634,3396730,4759918,6790440,7320211,84.29726480738424,False,True
kernel,g++,assert,parabola,200000,,records,full_ns,25818205,36505163,25026425,33652871,28539049,38101282,41.393110016749816,False,False
kernel,g++,assert,parabola,200000,,records,construct_ns,21175548,30247601,20477647,24118761,27635306,33131493,42.842116765998206,False,True
kernel,g++,assert,parabola,200000,,records,calipers_ns,3811578,3914242,3396730,4759918,3574215,4058497,2.693477609535999,False,False
kernel,g++,assert,random,2048,,fast-cases,full_ns,193203,188335,187696,227943,187567,195878,-2.519629612376617,False,False
kernel,g++,assert,random,2048,,indices,full_ns,193203,223182,187696,227943,217717,262681,15.516839800624215,False,False
kernel,g++,assert,random,2048,,indices,construct_ns,197853,345002,163803,233695,219723,432550,74.37289300642395,False,False
kernel,g++,assert,random,2048,,indices,calipers_ns,1124,1090,1012,1202,1054,1122,-3.0249110320284656,False,False
kernel,g++,assert,random,2048,,records,full_ns,193203,242336,187696,227943,207381,339583,25.430764532641838,False,False
kernel,g++,assert,random,2048,,records,construct_ns,197853,223177,163803,233695,222615,279917,12.799401575917479,False,False
kernel,g++,assert,random,2048,,records,calipers_ns,1124,1012,1012,1202,962,1077,-9.964412811387902,False,False
kernel,g++,assert,random,200000,,fast-cases,full_ns,26692488,27002187,24547136,31829279,24296884,29462496,1.160247782072621,False,False
kernel,g++,assert,random,200000,,indices,full_ns,26692488,39554679,24547136,31829279,37656617,45259592,48.186557206656786,False,True
kernel,g++,assert,random,200000,,indices,construct_ns,26686344,42989710,24380277,27694822,37679726,44207945,61.09254231302721,False,True
kernel,g++,assert,random,200000,,indices,calipers_ns,1614,1539,1367,1738,1528,1630,-4.6468401486988835,False,False
kernel,g++,assert,random,200000,,records,full_ns,26692488,27363311,24547136,31829279,27259073,29748286,2.51315276417845,False,False
kernel,g++,assert,random,200000,,records,construct_ns,26686344,31068641,24380277,27694822,29947714,31625926,16.421496327859675,False,True
kernel,g++,assert,random,200000,,records,calipers_ns,1614,1416,1367,1738,1388,1804,-12.26765799256505,False,False
kernel,g++,assert,reversed,2048,,fast-cases,full_ns,94155,93408,92795,169040,93024,124699,-0.7933726302373767,False,False
kernel,g++,assert,reversed,2048,,indices,full_ns,94155,107496,92795,169040,105674,126895,14.16918910307472,False,False
kernel,g++,assert,reversed,2048,,indices,construct_ns,67075,104604,65311,138960,104045,124972,55.950801341781585,False,False
kernel,g++,assert,reversed,2048,,indices,calipers_ns,994,1098,916,1092,1014,1109,10.462776659959761,False,False
kernel,g++,assert,reversed,2048,,records,full_ns,94155,112360,92795,169040,110909,113260,19.335138866762257,False,False
kernel,g++,assert,reversed,2048,,records,construct_ns,67075,129873,65311,138960,129288,163693,93.6235557212076,False,False
kernel,g++,assert,reversed,2048,,records,calipers_ns,994,995,916,1092,955,1030,0.1006036217303885,False,False
kernel,g++,assert,reversed,200000,,fast-cases,full_ns,11479884,11297849,10480511,19020393,10257948,15780175,-1.5856867543260877,False,False
kernel,g++,assert,reversed,200000,,indices,full_ns,11479884,11976773,10480511,19020393,11643383,12992804,4.328345129619771,False,False
kernel,g++,assert,reversed,200000,,indices,construct_ns,10326268,12632075,9977701,13052189,12208755,14460864,22.329528925648656,False,False
kernel,g++,assert,reversed,200000,,indices,calipers_ns,1419,1652,1387,1701,1566,1712,16.4200140944327,False,False
kernel,g++,assert,reversed,200000,,records,full_ns,11479884,13335881,10480511,19020393,12819326,13854328,16.167384618172107,False,False
kernel,g++,assert,reversed,200000,,records,construct_ns,10326268,17078679,9977701,13052189,15792204,20830631,65.390623214505,False,True
kernel,g++,assert,reversed,200000,,records,calipers_ns,1419,1439,1387,1701,1405,1512,1.4094432699083947,False,False
kernel,g++,assert,sorted,2048,,fast-cases,full_ns,104624,99305,98796,199468,98098,136034,-5.083919559565686,False,False
kernel,g++,assert,sorted,2048,,indices,full_ns,104624,113166,98796,199468,111531,114913,8.164474690319622,False,False
kernel,g++,assert,sorted,2048,,indices,construct_ns,70895,114965,69772,72658,112159,201812,62.162352775230964,False,True
kernel,g++,assert,sorted,2048,,indices,calipers_ns,1076,1077,1023,1134,1022,1137,0.09293680297397522,False,False
kernel,g++,assert,sorted,2048,,records,full_ns,104624,115278,98796,199468,112359,145708,10.183131977366578,False,False
kernel,g++,assert,sorted,2048,,records,construct_ns,70895,134950,69772,72658,133672,138397,90.35192890894986,False,True
kernel,g++,assert,sorted,2048,,records,calipers_ns,1076,955,1023,1134,925,1032,-11.245353159851302,False,False
kernel,g++,assert,sorted,200000,,fast-cases,full_ns,14602728,12473949,12974371,16265599,11088761,15642430,-14.57795420143414,False,False
kernel,g++,assert,sorted,200000,,indices,full_ns,14602728,13228472,12974371,16265599,12938391,13662234,-9.410953898477048,False,False
kernel,g++,assert,sorted,200000,,indices,construct_ns,11762130,14086887,10593956,12562092,13534996,14325032,19.764761994638725,False,True
kernel,g++,assert,sorted,200000,,indices,calipers_ns,1467,1713,1425,1776,1651,1827,16.768916155419223,False,False
kernel,g++,assert,sorted,200000,,records,full_ns,14602728,13629682,12974371,16265599,13297828,17290789,-6.663453568401745,False,False
kernel,g++,assert,sorted,200000,,records,construct_ns,11762130,16473380,10593956,12562092,16121642,17538035,40.0543949097655,False,True
kernel,g++,assert,sorted,200000,,records,calipers_ns,1467,1416,1425,1776,1391,1503,-3.476482617586907,False,False
kernel,g++,assert,tiny,200000,,fast-cases,full_ns,5126758,4244099,4800693,5225418,3976529,4899850,-17.21670888307971,False,False
kernel,g++,assert,tiny,200000,,indices,full_ns,5126758,5933029,4800693,5225418,5389887,7252296,15.726722423800776,False,True
kernel,g++,assert,tiny,200000,,records,full_ns,5126758,5462782,4800693,5225418,5160746,6912381,6.554317562873058,False,False
kernel,g++,assert,wide,2048,,fast-cases,full_ns,190700,187229,188338,211658,184515,187972,-1.8201363398007375,True,False
kernel,g++,assert,wide,2048,,indices,full_ns,190700,230052,188338,211658,221546,244630,20.635553224960667,False,True
kernel,g++,assert,wide,2048,,indices,construct_ns,168308,227186,164703,248170,220485,258607,34.98229436509257,False,False
kernel,g++,assert,wide,2048,,indices,calipers_ns,1002,974,963,1166,904,979,-2.7944111776447067,False,False
kernel,g++,assert,wide,2048,,records,full_ns,190700,213564,188338,211658,204228,447307,11.989512323020456,False,False
kernel,g++,assert,wide,2048,,records,construct_ns,168308,225229,164703,248170,222632,311351,33.81954511966156,False,False
kernel,g++,assert,wide,2048,,records,calipers_ns,1002,962,963,1166,910,1036,-3.9920159680638667,False,False
kernel,g++,assert,wide,200000,,fast-cases,full_ns,26963685,26047896,25569451,27543033,25495072,26547610,-3.396379241190517,False,False
kernel,g++,assert,wide,200000,,indices,full_ns,26963685,38492417,25569451,27543033,36278694,45650367,42.75651491997476,False,True
kernel,g++,assert,wide,200000,,indices,construct_ns,30111614,38858382,24845598,31759525,37176470,40273164,29.04782188028845,False,True
kernel,g++,assert,wide,200000,,indices,calipers_ns,1294,1344,1267,1493,1267,1394,3.863987635239563,False,False
kernel,g++,assert,wide,200000,,records,full_ns,26963685,29374436,25569451,27543033,27256943,32060896,8.940732692879338,False,False
kernel,g++,assert,wide,200000,,records,construct_ns,30111614,32123448,24845598,31759525,30652852,34168251,6.681255943304798,False,False
kernel,g++,assert,wide,200000,,records,calipers_ns,1294,1250,1267,1493,1225,1263,-3.4003091190108137,True,False
kernel,g++,release,all-same,2048,,fast-cases,full_ns,26486,1137,25388,27219,1075,1196,-95.70716604998867,True,False
kernel,g++,release,all-same,2048,,indices,full_ns,26486,25073,25388,27219,25029,26440,-5.3348939062145995,False,False
kernel,g++,release,all-same,2048,,indices,construct_ns,16715,22445,16622,16826,21614,24068,34.280586299730786,False,True
kernel,g++,release,all-same,2048,,indices,calipers_ns,67,55,52,74,54,78,-17.910447761194025,False,False
kernel,g++,release,all-same,2048,,records,full_ns,26486,39627,25388,27219,35161,58819,49.614890885750974,False,True
kernel,g++,release,all-same,2048,,records,construct_ns,16715,21273,16622,16826,21243,22622,27.2689201316183,False,True
kernel,g++,release,all-same,2048,,records,calipers_ns,67,62,52,74,48,85,-7.462686567164178,False,False
kernel,g++,release,all-same,200000,,fast-cases,full_ns,4269579,125796,3778272,4487662,124327,268051,-97.05366735221436,True,False
kernel,g++,release,all-same,200000,,indices,full_ns,4269579,4607501,3778272,4487662,4070209,7668268,7.914644511789093,False,False
kernel,g++,release,all-same,200000,,indices,construct_ns,3155428,3846229,2921357,3457487,3525796,6918570,21.892465934890602,False,True
kernel,g++,release,all-same,200000,,indices,calipers_ns,51,60,49,133,49,88,17.647058823529417,False,False
kernel,g++,release,all-same,200000,,records,full_ns,4269579,5722335,3778272,4487662,5370740,6328003,34.02574352178518,False,True
kernel,g++,release,all-same,200000,,records,construct_ns,3155428,5119486,2921357,3457487,4909568,5569826,62.243790699708555,False,True
kernel,g++,release,all-same,200000,,records,calipers_ns,51,55,49,133,53,99,7.843137254901955,False,False
kernel,g++,release,collinear,2048,,fast-cases,full_ns,143482,142051,142170,165618,140482,146985,-0.9973376451401617,False,False
kernel,g++,release,collinear,2048,,indices,full_ns,143482,169630,142170,165618,167182,400674,18.223888710779047,False,True
kernel,g++,release,collinear,2048,,indices,construct_ns,126117,170552,124077,130966,170237,276023,35.23315651339629,False,True
kernel,g++,release,collinear,2048,,indices,calipers_ns,47,53,46,50,50,53,12.765957446808507,False,False
kernel,g++,release,collinear,2048,,records,full_ns,143482,169837,142170,165618,161953,786709,18.368157678315058,False,False
kernel,g++,release,collinear,2048,,records,construct_ns,126117,182682,124077,130966,181661,183704,44.85120959109399,False,True
kernel,g++,release,collinear,2048,,records,calipers_ns,47,65,46,50,52,74,38.29787234042554,False,True
kernel,g++,release,collinear,200000,,fast-cases,full_ns,22249772,24032277,20217843,26212139,21371886,26447171,8.01134052070287,False,False
kernel,g++,release,collinear,200000,,indices,full_ns,22249772,34148570,20217843,26212139,30714600,35338274,53.47829182249597,False,True
kernel,g++,release,collinear,200000,,indices,construct_ns,21820158,31488725,19897006,30428475,30978730,37733618,44.31025201559036,False,True
kernel,g++,release,collinear,200000,,indices,calipers_ns,76,100,52,166,87,129,31.578947368421062,False,False
kernel,g++,release,collinear,200000,,records,full_ns,22249772,24054762,20217843,26212139,23288257,25872403,8.11239773603074,False,False
kernel,g++,release,collinear,200000,,records,construct_ns,21820158,28332511,19897006,30428475,25955955,28835442,29.84558131980528,False,False
kernel,g++,release,collinear,200000,,records,calipers_ns,76,80,52,166,61,217,5.263157894736836,False,False
kernel,g++,release,duplicates,2048,,fast-cases,full_ns,184362,207667,179504,207659,180399,350367,12.64089128996213,False,False
kernel,g++,release,duplicates,2048,,indices,full_ns,184362,207762,179504,207659,205239,231439,12.692420346926149,False,False
kernel,g++,release,duplicates,2048,,indices,construct_ns,163277,211694,159085,184172,210919,248142,29.653288583205217,False,True
kernel,g++,release,duplicates,2048,,indices,calipers_ns,431,400,386,474,389,421,-7.1925754060324865,False,False
kernel,g++,release,duplicates,2048,,records,full_ns,184362,201990,179504,207659,195734,283485,9.56162332801771,False,False
kernel,g++,release,duplicates,2048,,records,construct_ns,163277,195290,159085,184172,193309,217431,19.606558180270326,False,True
kernel,g++,release,duplicates,2048,,records,calipers_ns,431,385,386,474,382,431,-10.67285382830626,False,False
kernel,g++,release,duplicates,200000,,fast-cases,full_ns,18999615,18556380,17750970,52477165,18310729,30167653,-2.3328630606462286,False,False
kernel,g++,release,duplicates,200000,,indices,full_ns,18999615,25760882,17750970,52477165,23518695,29893100,35.58633688103681,False,False
kernel,g++,release,duplicates,200000,,indices,construct_ns,18166758,24956332,17186894,81620976,24899079,27003903,37.37361393816112,False,False
kernel,g++,release,duplicates,200000,,indices,calipers_ns,640,385,599,867,374,410,-39.84375,True,False
kernel,g++,release,duplicates,200000,,records,full_ns,18999615,21634148,17750970,52477165,20797808,29648698,13.866244131788985,False,False
kernel,g++,release,duplicates,200000,,records,construct_ns,18166758,20614549,17186894,81620976,19420316,24685571,13.474011158182432,False,False
kernel,g++,release,duplicates,200000,,records,calipers_ns,640,346,599,867,331,359,-45.9375,True,False
kernel,g++,release,late-different,2048,,fast-cases,full_ns,27479,28708,25921,146648,27437,29779,4.472506277521027,False,False
kernel,g++,release,late-different,2048,,indices,full_ns,27479,25909,25921,146648,25658,27353,-5.713453910258748,False,False
kernel,g++,release,late-different,2048,,indices,construct_ns,16692,23001,16601,17113,21715,23786,37.79654924514737,False,True
kernel,g++,release,late-different,2048,,indices,calipers_ns,52,61,46,69,55,115,17.307692307692314,False,False
kernel,g++,release,late-different,2048,,records,full_ns,27479,36816,25921,146648,35012,113497,33.97867462425852,False,False
kernel,g++,release,late-different,2048,,records,construct_ns,16692,23504,16601,17113,21311,42386,40.80996884735202,False,True
kernel,g++,release,late-different,2048,,records,calipers_ns,52,63,46,69,52,71,21.153846153846146,False,False
kernel,g++,release,late-different,200000,,fast-cases,full_ns,4178873,4151745,3766401,4286546,3924483,4349792,-0.6491702427903423,False,False
kernel,g++,release,late-different,200000,,indices,full_ns,4178873,4074023,3766401,4286546,3939684,4759934,-2.5090496887557934,False,False
kernel,g++,release,late-different,200000,,indices,construct_ns,2924769,3673233,2904631,3238040,3603258,7318350,25.590533816516793,False,True
kernel,g++,release,late-different,200000,,indices,calipers_ns,51,66,49,77,55,91,29.41176470588236,False,False
kernel,g++,release,late-different,200000,,records,full_ns,4178873,5791316,3766401,4286546,5445660,5948514,38.58559472853087,False,True
kernel,g++,release,late-different,200000,,records,construct_ns,2924769,5057174,2904631,3238040,4795982,5655249,72.9084929442291,False,True
kernel,g++,release,late-different,200000,,records,calipers_ns,51,79,49,77,57,187,54.90196078431373,False,False
kernel,g++,release,parabola,2048,,fast-cases,full_ns,197712,184823,185393,286526,181628,208546,-6.519078255239941,False,False
kernel,g++,release,parabola,2048,,indices,full_ns,197712,200300,185393,286526,198586,220105,1.308974670227392,False,False
kernel,g++,release,parabola,2048,,indices,construct_ns,124140,171080,124015,127209,169064,493114,37.81214757531819,False,True
kernel,g++,release,parabola,2048,,indices,calipers_ns,36779,36316,36629,36832,36237,121408,-1.2588705511297205,False,False
kernel,g++,release,parabola,2048,,records,full_ns,197712,245613,185393,286526,206043,333994,24.22766448167031,False,False
kernel,g++,release,parabola,2048,,records,construct_ns,124140,202724,124015,127209,180266,276025,63.3027227323989,False,True
kernel,g++,release,parabola,2048,,records,calipers_ns,36779,34710,36629,36832,34615,34796,-5.625492808396093,True,False
kernel,g++,release,parabola,200000,,fast-cases,full_ns,27996866,30497828,25255432,28930736,26582245,35114537,8.933007001569383,False,False
kernel,g++,release,parabola,200000,,indices,full_ns,27996866,37751037,25255432,28930736,36107330,46168697,34.84022461656959,False,True
kernel,g++,release,parabola,200000,,indices,construct_ns,23322689,31493983,22010005,26675648,29789558,36166010,35.03581426652818,False,True
kernel,g++,release,parabola,200000,,indices,calipers_ns,4375372,6748524,3839423,4615585,6390425,7085182,54.23886243272571,False,True
kernel,g++,release,parabola,200000,,records,full_ns,27996866,31880035,25255432,28930736,29733997,41360311,13.87001316504497,False,True
kernel,g++,release,parabola,200000,,records,construct_ns,23322689,30441963,22010005,26675648,29837667,31631736,30.52509939998771,False,True
kernel,g++,release,parabola,200000,,records,calipers_ns,4375372,3778619,3839423,4615585,3724935,4773060,-13.638908874491129,False,False
kernel,g++,release,random,2048,,fast-cases,full_ns,193923,208821,187854,254398,191128,22439663,7.6824306554663435,False,False
kernel,g++,release,random,2048,,indices,full_ns,193923,218903,187854,254398,215974,296066,12.881401380960478,False,False
kernel,g++,release,random,2048,,indices,construct_ns,185250,225119,158832,364068,221332,339777,21.521727395411606,False,False
kernel,g++,release,random,2048,,indices,calipers_ns,1000,1056,929,1044,1011,1070,5.600000000000005,False,False
kernel,g++,release,random,2048,,records,full_ns,193923,214223,187854,254398,206576,250821,10.4680723792433,False,False
kernel,g++,release,random,2048,,records,construct_ns,185250,227313,158832,364068,219583,260052,22.706072874493934,False,False
kernel,g++,release,random,2048,,records,calipers_ns,1000,974,929,1044,956,1045,-2.6000000000000023,False,False
kernel,g++,release,random,200000,,fast-cases,full_ns,27214357,26868566,26169630,29594555,25738262,29071135,-1.270619768822756,False,False
kernel,g++,release,random,200000,,indices,full_ns,27214357,37938025,26169630,29594555,37581498,39374052,39.40445111379998,False,True
kernel,g++,release,random,200000,,indices,construct_ns,25518012,40969649,24965193,27077027,37447322,47849510,60.551883900673765,False,True
kernel,g++,release,random,200000,,indices,calipers_ns,1554,1638,1475,1760,1508,1705,5.405405405405395,False,False
kernel,g++,release,random,200000,,records,full_ns,27214357,31121739,26169630,29594555,29072738,34456186,14.35779651159863,False,False
kernel,g++,release,random,200000,,records,construct_ns,25518012,35354550,24965193,27077027,33844900,40271944,38.547430732456746,False,True
kernel,g++,release,random,200000,,records,calipers_ns,1554,1476,1475,1760,1433,1554,-5.019305019305021,False,False
kernel,g++,release,reversed,2048,,fast-cases,full_ns,97147,94073,93119,177556,93205,94877,-3.164276817606304,False,False
kernel,g++,release,reversed,2048,,indices,full_ns,97147,102680,93119,177556,102388,124871,5.695492398118307,False,False
kernel,g++,release,reversed,2048,,indices,construct_ns,69617,108763,65839,72153,108351,191215,56.23051840786015,False,True
kernel,g++,release,reversed,2048,,indices,calipers_ns,988,1008,931,1015,996,1088,2.0242914979757165,False,False
kernel,g++,release,reversed,2048,,records,full_ns,97147,111929,93119,177556,111339,155684,15.216115783297468,False,False
kernel,g++,release,reversed,2048,,records,construct_ns,69617,127632,65839,72153,126761,145779,83.33453035896406,False,True
kernel,g++,release,reversed,2048,,records,calipers_ns,988,970,931,1015,944,1017,-1.8218623481781382,False,False
kernel,g++,release,reversed,200000,,fast-cases,full_ns,10920592,11474133,10663252,15817317,10644953,14427195,5.06878198544547,False,False
kernel,g++,release,reversed,200000,,indices,full_ns,10920592,12022976,10663252,15817317,10893589,13498707,10.094544325069554,False,False
kernel,g++,release,reversed,200000,,indices,construct_ns,10307625,14016621,10190816,10908741,11780591,22959096,35.98303197875359,False,True
kernel,g++,release,reversed,200000,,indices,calipers_ns,1881,1716,1648,2083,1503,1839,-8.771929824561408,False,False
kernel,g++,release,reversed,200000,,records,full_ns,10920592,14245593,10663252,15817317,12188246,19841479,30.4470764954867,False,False
kernel,g++,release,reversed,200000,,records,construct_ns,10307625,16652511,10190816,10908741,15670778,24312379,61.555266125804934,False,True
kernel,g++,release,reversed,200000,,records,calipers_ns,1881,1471,1648,2083,1424,1505,-21.796916533758637,True,False
kernel,g++,release,sorted,2048,,fast-cases,full_ns,101145,102157,99192,103277,101380,156420,1.000543773790108,False,False
kernel,g++,release,sorted,2048,,indices,full_ns,101145,108656,99192,103277,108299,130392,7.425972613574561,False,True
kernel,g++,release,sorted,2048,,indices,construct_ns,71768,118899,71002,72146,114975,185495,65.67132984059747,False,True
kernel,g++,release,sorted,2048,,indices,calipers_ns,988,1030,977,1021,979,1316,4.251012145748989,False,False
kernel,g++,release,sorted,2048,,records,full_ns,101145,135844,99192,103277,114452,154988,34.30619407780908,False,True
kernel,g++,release,sorted,2048,,records,construct_ns,71768,134043,71002,72146,132116,147938,86.77265633708618,False,True
kernel,g++,release,sorted,2048,,records,calipers_ns,988,974,977,1021,928,1006,-1.4170040485829927,False,False
kernel,g++,release,sorted,200000,,fast-cases,full_ns,12554374,12754164,12130253,13967537,12297162,33083149,1.5913975479781017,False,False
kernel,g++,release,sorted,200000,,indices,full_ns,12554374,12621863,12130253,13967537,12021678,15146784,0.5375735978552232,False,False
kernel,g++,release,sorted,200000,,indices,construct_ns,11449972,13551136,11132318,15451648,13311737,14463256,18.35082216794941,False,False
kernel,g++,release,sorted,200000,,indices,calipers_ns,1602,1719,1538,1633,1619,1836,7.303370786516861,False,False
kernel,g++,release,sorted,200000,,records,full_ns,12554374,15677884,12130253,13967537,14683074,22010389,24.879854622779284,False,True
kernel,g++,release,sorted,200000,,records,construct_ns,11449972,17161542,11132318,15451648,16522864,17751353,49.88282940779243,False,True
kernel,g++,release,sorted,200000,,records,calipers_ns,1602,1427,1538,1633,1405,1478,-10.92384519350812,True,False
kernel,g++,release,tiny,200000,,fast-cases,full_ns,4986037,4056693,4688559,5265337,3647192,4254375,-18.63893107893102,True,False
kernel,g++,release,tiny,200000,,indices,full_ns,4986037,5063879,4688559,5265337,4974826,6766287,1.5611998065798494,False,False
kernel,g++,release,tiny,200000,,records,full_ns,4986037,5604708,4688559,5265337,5021783,6179348,12.408070778455915,False,False
kernel,g++,release,wide,2048,,fast-cases,full_ns,190031,210666,186540,377523,187960,349118,10.858754624245526,False,False
kernel,g++,release,wide,2048,,indices,full_ns,190031,295934,186540,377523,231496,362141,55.72932837273918,False,False
kernel,g++,release,wide,2048,,indices,construct_ns,166984,253856,162141,228520,222594,324040,52.024146025966566,False,False
kernel,g++,release,wide,2048,,indices,calipers_ns,991,972,974,1050,941,1025,-1.9172552976791102,False,False
kernel,g++,release,wide,2048,,records,full_ns,190031,211087,186540,377523,205315,275101,11.08029742515695,False,False
kernel,g++,release,wide,2048,,records,construct_ns,166984,249322,162141,228520,221761,271669,49.30891582427059,False,False
kernel,g++,release,wide,2048,,records,calipers_ns,991,961,974,1050,925,1004,-3.0272452068617506,False,False
kernel,g++,release,wide,200000,,fast-cases,full_ns,26148361,26515119,24540790,28534029,24602877,28796670,1.4026041632207775,False,False
kernel,g++,release,wide,200000,,indices,full_ns,26148361,36451687,24540790,28534029,34905619,42652763,39.403333922152896,False,True
kernel,g++,release,wide,200000,,indices,construct_ns,24922051,37901917,24338855,25632410,36485214,41132871,52.081853134800184,False,True
kernel,g++,release,wide,200000,,indices,calipers_ns,1511,1352,1439,1726,1310,1391,-10.522832561217733,True,False
kernel,g++,release,wide,200000,,records,full_ns,26148361,29336997,24540790,28534029,28105047,31306491,12.194401018098233,False,False
kernel,g++,release,wide,200000,,records,construct_ns,24922051,31195140,24338855,25632410,30516649,33044911,25.170837665005983,False,True
kernel,g++,release,wide,200000,,records,calipers_ns,1511,1287,1439,1726,1225,1325,-14.824619457313037,True,False
io,clang++,assert,random,,fast,fast-cases,end_to_end_ns,43753390,44367127,42737035,48448279,42878492,51464835,1.4027187379080708,False,False
io,clang++,assert,random,,fast,fast-cases,parse_ns,13420380,13748586,11980387,13993786,12688695,16836874,2.4455790372552855,False,False
io,clang++,assert,random,,fast,fast-cases,solve_ns,26776861,26553171,25172211,29920494,25943499,31793881,-0.8353854471590205,False,False
io,clang++,assert,random,,fast,fast-cases,format_ns,34770,34448,33171,67086,31738,213015,-0.9260857060684469,False,False
io,clang++,assert,random,,iostream,fast-cases,end_to_end_ns,57657321,56700928,54196853,59875254,52573854,63243277,-1.658753794682899,False,False
io,clang++,assert,random,,iostream,fast-cases,parse_ns,25618598,25053520,23632022,26740223,23784695,29725548,-2.2057335065720607,False,False
io,clang++,assert,random,,iostream,fast-cases,solve_ns,27239958,27853638,26367338,29858080,24235389,29125555,2.2528669097066967,False,False
io,clang++,assert,random,,iostream,fast-cases,format_ns,48760,50531,47406,49761,46668,79331,3.632075471698104,False,False
io,clang++,assert,random,,fast,indices,end_to_end_ns,43753390,57183745,42737035,48448279,54295726,75020413,30.695575817096675,False,True
io,clang++,assert,random,,fast,indices,parse_ns,13420380,13683232,11980387,13993786,12638325,16810740,1.9586032586260682,False,False
io,clang++,assert,random,,fast,indices,solve_ns,26776861,37674797,25172211,29920494,36076871,55447326,40.699079701687225,False,True
io,clang++,assert,random,,fast,indices,format_ns,34770,30768,33171,67086,29503,118085,-11.509922346850733,False,False
io,clang++,assert,random,,iostream,indices,end_to_end_ns,57657321,68628840,54196853,59875254,66643052,81981025,19.028839373234142,False,True
io,clang++,assert,random,,iostream,indices,parse_ns,25618598,25353271,23632022,26740223,24589451,26557681,-1.035681187549764,False,False
io,clang++,assert,random,,iostream,indices,solve_ns,27239958,39694797,26367338,29858080,36831530,52219391,45.722680629683786,False,True
io,clang++,assert,random,,iostream,indices,format_ns,48760,42953,47406,49761,41854,46911,-11.909351927809675,True,False
io,clang++,assert,random,,fast,records,end_to_end_ns,43753390,50672108,42737035,48448279,45091008,60038594,15.812987290813352,False,False
io,clang++,assert,random,,fast,records,parse_ns,13420380,15318343,11980387,13993786,12407444,25468551,14.142393881544347,False,False
io,clang++,assert,random,,fast,records,solve_ns,26776861,30569275,25172211,29920494,28644974,33049740,14.163026801386458,False,False
io,clang++,assert,random,,fast,records,format_ns,34770,31466,33171,67086,28750,32146,-9.502444636180618,True,False
io,clang++,assert,random,,iostream,records,end_to_end_ns,57657321,59498515,54196853,59875254,58639721,68081402,3.193339489359892,False,False
io,clang++,assert,random,,iostream,records,parse_ns,25618598,24861392,23632022,26740223,24155050,29442684,-2.9556886758596246,False,False
io,clang++,assert,random,,iostream,records,solve_ns,27239958,31116194,26367338,29858080,29608551,32710856,14.229963203320661,False,False
io,clang++,assert,random,,iostream,records,format_ns,48760,42531,47406,49761,39897,43911,-12.774815422477436,True,False
io,clang++,assert,tiny,,fast,fast-cases,end_to_end_ns,25378440,23805172,23521402,26705592,22871126,24085614,-6.199230527959953,False,False
io,clang++,assert,tiny,,fast,fast-cases,parse_ns,11230097,11000988,10060109,12163567,10629432,11316808,-2.0401337584172285,False,False
io,clang++,assert,tiny,,fast,fast-cases,solve_ns,6221805,4308481,5865433,6654083,4272253,4761968,-30.75191202552957,True,False
io,clang++,assert,tiny,,fast,fast-cases,format_ns,1894698,2075269,1810314,2218541,1829318,2233776,9.530331482906519,False,False
io,clang++,assert,tiny,,iostream,fast-cases,end_to_end_ns,45191998,45051641,43712519,49333225,44301080,46735739,-0.3105793198167506,False,False
io,clang++,assert,tiny,,iostream,fast-cases,parse_ns,25799268,26266793,24581392,27460366,25515099,27588495,1.8121638179811939,False,False
io,clang++,assert,tiny,,iostream,fast-cases,solve_ns,6417874,4894814,5766387,8298879,4457090,5071491,-23.731534773041663,True,False
io,clang++,assert,tiny,,iostream,fast-cases,format_ns,7224083,7496729,6907286,7370704,6996872,7957689,3.774126072471762,False,False
io,clang++,assert,tiny,,fast,indices,end_to_end_ns,25378440,26685130,23521402,26705592,25670302,30920793,5.148819233963953,False,False
io,clang++,assert,tiny,,fast,indices,parse_ns,11230097,11636220,10060109,12163567,10604982,12812448,3.6163801612755453,False,False
io,clang++,assert,tiny,,fast,indices,solve_ns,6221805,6106770,5865433,6654083,5503978,9315678,-1.8489007611135366,False,False
io,clang++,assert,tiny,,fast,indices,format_ns,1894698,1987399,1810314,2218541,1930663,2909258,4.892653077165865,False,False
io,clang++,assert,tiny,,iostream,indices,end_to_end_ns,45191998,45545968,43712519,49333225,44160442,48952065,0.7832581334421107,False,False
io,clang++,assert,tiny,,iostream,indices,parse_ns,25799268,25888560,24581392,27460366,25102779,29245525,0.3461028429178725,False,False
io,clang++,assert,tiny,,iostream,indices,solve_ns,6417874,6021068,5766387,8298879,5588139,6535896,-6.182826275492481,False,False
io,clang++,assert,tiny,,iostream,indices,format_ns,7224083,6952554,6907286,7370704,6727163,7936363,-3.7586639023942547,False,False
io,clang++,assert,tiny,,fast,records,end_to_end_ns,25378440,26098080,23521402,26705592,23929454,29236492,2.835635287275351,False,False
io,clang++,assert,tiny,,fast,records,parse_ns,11230097,12053165,10060109,12163567,10701359,13484234,7.329126364625349,False,False
io,clang++,assert,tiny,,fast,records,solve_ns,6221805,5331546,5865433,6654083,5149629,6108152,-14.308693377564873,False,False
io,clang++,assert,tiny,,fast,records,format_ns,1894698,2131848,1810314,2218541,1902209,2391971,12.516506588385056,False,False
io,clang++,assert,tiny,,iostream,records,end_to_end_ns,45191998,45995958,43712519,49333225,44498948,48326036,1.7789875101339891,False,False
io,clang++,assert,tiny,,iostream,records,parse_ns,25799268,25366691,24581392,27460366,24184153,27227844,-1.6767026103221228,False,False
io,clang++,assert,tiny,,iostream,records,solve_ns,6417874,5598840,5766387,8298879,5071326,5787745,-12.761765033093509,False,False
io,clang++,assert,tiny,,iostream,records,format_ns,7224083,7530014,6907286,7370704,6994378,8876483,4.23487659264159,False,False
io,clang++,release,random,,fast,fast-cases,end_to_end_ns,43614457,44951019,40765080,45612675,43358574,46730780,3.064493041837024,False,False
io,clang++,release,random,,fast,fast-cases,parse_ns,12862753,13652706,11945099,14546388,12744518,15616814,6.141399123500224,False,False
io,clang++,release,random,,fast,fast-cases,solve_ns,26073173,27056398,24631811,28121338,25830882,28516357,3.7710216550935316,False,False
io,clang++,release,random,,fast,fast-cases,format_ns,35373,35284,19295,65312,33660,38416,-0.2516043309869098,False,False
io,clang++,release,random,,iostream,fast-cases,end_to_end_ns,61582376,56341033,53712705,62700776,54331536,65805140,-8.511108762675867,False,False
io,clang++,release,random,,iostream,fast-cases,parse_ns,25998563,24579226,23996766,31035209,23876271,33053239,-5.459290192307941,False,False
io,clang++,release,random,,iostream,fast-cases,solve_ns,26228172,26805880,25760770,33056378,25829242,28640596,2.202623957170946,False,False
io,clang++,release,random,,iostream,fast-cases,format_ns,51523,47622,41508,52563,44156,420050,-7.57137589037905,False,False
io,clang++,release,random,,fast,indices,end_to_end_ns,43614457,55846158,40765080,45612675,54581869,58079955,28.04506083842795,False,True
io,clang++,release,random,,fast,indices,parse_ns,12862753,13778116,11945099,14546388,12876344,14368523,7.116384805025788,False,False
io,clang++,release,random,,fast,indices,solve_ns,26073173,38231779,24631811,28121338,35936425,38483480,46.63262887106223,False,True
io,clang++,release,random,,fast,indices,format_ns,35373,31205,19295,65312,29074,52854,-11.78299833206118,False,False
io,clang++,release,random,,iostream,indices,end_to_end_ns,61582376,72877930,53712705,62700776,67689114,75319501,18.342186082589595,False,True
io,clang++,release,random,,iostream,indices,parse_ns,25998563,27227136,23996766,31035209,25320414,27705259,4.7255419462991055,False,False
io,clang++,release,random,,iostream,indices,solve_ns,26228172,41811772,25760770,33056378,36248124,43454716,59.41550177419914,False,True
io,clang++,release,random,,iostream,indices,format_ns,51523,44190,41508,52563,39292,47930,-14.232478698833528,False,False
io,clang++,release,random,,fast,records,end_to_end_ns,43614457,46461966,40765080,45612675,44628747,53602986,6.528819102344885,False,False
io,clang++,release,random,,fast,records,parse_ns,12862753,12840765,11945099,14546388,12370063,13635437,-0.17094318766752714,False,False
io,clang++,release,random,,fast,records,solve_ns,26073173,29026190,24631811,28121338,28385190,35476968,11.325882737785697,False,True
io,clang++,release,random,,fast,records,format_ns,35373,28802,19295,65312,27742,101067,-18.576315268707766,False,False
io,clang++,release,random,,iostream,records,end_to_end_ns,61582376,60665497,53712705,62700776,58943339,65806747,-1.4888659054012487,False,False
io,clang++,release,random,,iostream,records,parse_ns,25998563,26097180,23996766,31035209,24869602,27549466,0.37931711841150406,False,False
io,clang++,release,random,,iostream,records,solve_ns,26228172,30691932,25760770,33056378,28802027,33944511,17.01895198796164,False,False
io,clang++,release,random,,iostream,records,format_ns,51523,43946,41508,52563,39858,44568,-14.706053607126911,False,False
io,clang++,release,tiny,,fast,fast-cases,end_to_end_ns,26984331,24367697,25651200,29665857,24036995,25867215,-9.696864450706599,False,False
io,clang++,release,tiny,,fast,fast-cases,parse_ns,11700859,11173548,10692955,12329626,10956653,11911980,-4.506600754696732,False,False
io,clang++,release,tiny,,fast,fast-cases,solve_ns,6339457,4366593,5578359,6487127,4187461,4820318,-31.120394065296132,True,False
io,clang++,release,tiny,,fast,fast-cases,format_ns,2745017,2112636,1926421,3198658,1969624,2915998,-23.03741652601787,False,False
io,clang++,release,tiny,,iostream,fast-cases,end_to_end_ns,47038105,43403783,44403711,47775432,42385693,45716471,-7.726335914255045,False,False
io,clang++,release,tiny,,iostream,fast-cases,parse_ns,26548087,25630291,24790216,28076922,25016600,27494389,-3.4571078511231312,False,False
io,clang++,release,tiny,,iostream,fast-cases,solve_ns,5889311,4278643,5677787,7364153,4110372,5058148,-27.349005681649352,True,False
io,clang++,release,tiny,,iostream,fast-cases,format_ns,7080049,6960864,6830637,7434316,6628234,7107095,-1.6833923042057997,False,False
io,clang++,release,tiny,,fast,indices,end_to_end_ns,26984331,26642049,25651200,29665857,24857119,29183636,-1.2684472333221786,False,False
io,clang++,release,tiny,,fast,indices,parse_ns,11700859,12009875,10692955,12329626,11432098,13580249,2.64096849641553,False,False
io,clang++,release,tiny,,fast,indices,solve_ns,6339457,5838357,5578359,6487127,5403497,6897634,-7.904462479988428,False,False
io,clang++,release,tiny,,fast,indices,format_ns,2745017,1942457,1926421,3198658,1892046,2523534,-29.236977403054333,False,False
io,clang++,release,tiny,,iostream,indices,end_to_end_ns,47038105,45428979,44403711,47775432,43226694,47958763,-3.420898864867117,False,False
io,clang++,release,tiny,,iostream,indices,parse_ns,26548087,25046489,24790216,28076922,23860466,25937265,-5.656143887128284,False,False
io,clang++,release,tiny,,iostream,indices,solve_ns,5889311,5987221,5677787,7364153,5561745,7956049,1.662503474515109,False,False
io,clang++,release,tiny,,iostream,indices,format_ns,7080049,7386095,6830637,7434316,6780976,8092820,4.322653699148127,False,False
io,clang++,release,tiny,,fast,records,end_to_end_ns,26984331,28481363,25651200,29665857,24902773,30582623,5.54778252608894,False,False
io,clang++,release,tiny,,fast,records,parse_ns,11700859,11954038,10692955,12329626,10732481,14736654,2.1637642159434645,False,False
io,clang++,release,tiny,,fast,records,solve_ns,6339457,5735297,5578359,6487127,5066457,6652402,-9.530153765535443,False,False
io,clang++,release,tiny,,fast,records,format_ns,2745017,3247282,1926421,3198658,1806139,3635524,18.297336592086676,False,False
io,clang++,release,tiny,,iostream,records,end_to_end_ns,47038105,45812774,44403711,47775432,44224524,47632506,-2.6049752642033464,False,False
io,clang++,release,tiny,,iostream,records,parse_ns,26548087,26408702,24790216,28076922,25417474,28016368,-0.5250284135350336,False,False
io,clang++,release,tiny,,iostream,records,solve_ns,5889311,5322848,5677787,7364153,5185374,6049760,-9.61849357250789,False,False
io,clang++,release,tiny,,iostream,records,format_ns,7080049,7324137,6830637,7434316,6804133,7837978,3.4475467613289013,False,False
io,g++,assert,random,,fast,fast-cases,end_to_end_ns,41440091,42268186,39413190,45399619,40876050,53014247,1.9982943570273637,False,False
io,g++,assert,random,,fast,fast-cases,parse_ns,10521600,10750561,10176113,12528851,9838820,15437767,2.176104394768852,False,False
io,g++,assert,random,,fast,fast-cases,solve_ns,26988644,27374420,25095646,28855619,26444452,32822983,1.4294011955547026,False,False
io,g++,assert,random,,fast,fast-cases,format_ns,38741,35042,33764,51864,31709,87862,-9.548024057200378,False,False
io,g++,assert,random,,iostream,fast-cases,end_to_end_ns,57668858,59459156,54985553,64680518,55644715,74846207,3.1044450368689525,False,False
io,g++,assert,random,,iostream,fast-cases,parse_ns,26210410,25628966,24820709,32174069,24637975,28086936,-2.2183704871461374,False,False
io,g++,assert,random,,iostream,fast-cases,solve_ns,27418899,28307186,25868269,28365850,26552010,43988034,3.2396888000499224,False,False
io,g++,assert,random,,iostream,fast-cases,format_ns,45474,49436,43633,51355,46070,244626,8.712670976821911,False,False
io,g++,assert,random,,fast,indices,end_to_end_ns,41440091,54325549,39413190,45399619,52109110,55979787,31.09418364935541,False,True
io,g++,assert,random,,fast,indices,parse_ns,10521600,10257647,10176113,12528851,9480627,10590570,-2.5086773874695822,False,False
io,g++,assert,random,,fast,indices,solve_ns,26988644,40017396,25095646,28855619,38293632,40785004,48.27494111967982,False,True
io,g++,assert,random,,fast,indices,format_ns,38741,27179,33764,51864,26466,47715,-29.844350946026175,False,False
io,g++,assert,random,,iostream,indices,end_to_end_ns,57668858,67822978,54985553,64680518,64745287,73289015,17.607631488038145,False,True
io,g++,assert,random,,iostream,indices,parse_ns,26210410,24331618,24820709,32174069,23316989,26882756,-7.168113738014781,False,False
io,g++,assert,random,,iostream,indices,solve_ns,27418899,39176942,25868269,28365850,37249581,42612794,42.88298738764092,False,True
io,g++,assert,random,,iostream,indices,format_ns,45474,39792,43633,51355,38665,56100,-12.495052117693628,False,False
io,g++,assert,random,,fast,records,end_to_end_ns,41440091,46729716,39413190,45399619,44062605,65867469,12.76451106248777,False,False
io,g++,assert,random,,fast,records,parse_ns,10521600,10620195,10176113,12528851,10188815,23564289,0.9370723083941712,False,False
io,g++,assert,random,,fast,records,solve_ns,26988644,30488696,25095646,28855619,29245045,37448224,12.968610056881701,False,True
io,g++,assert,random,,fast,records,format_ns,38741,28262,33764,51864,18633,33700,-27.048862961720143,True,False
io,g++,assert,random,,iostream,records,end_to_end_ns,57668858,58536278,54985553,64680518,57148478,61323786,1.5041393744956721,False,False
io,g++,assert,random,,iostream,records,parse_ns,26210410,25718159,24820709,32174069,23139940,27507648,-1.8780743986835713,False,False
io,g++,assert,random,,iostream,records,solve_ns,27418899,29920393,25868269,28365850,28456146,30622233,9.123247436011205,False,True
io,g++,assert,random,,iostream,records,format_ns,45474,40360,43633,51355,38976,43382,-11.245986717684831,True,False
io,g++,assert,tiny,,fast,fast-cases,end_to_end_ns,21744508,20475422,20691556,22851742,20250417,21974509,-5.836351873309809,False,False
io,g++,assert,tiny,,fast,fast-cases,parse_ns,8619572,8264961,7863756,9838725,8096914,8516818,-4.114020974591314,False,False
io,g++,assert,tiny,,fast,fast-cases,solve_ns,5443791,4464349,5273764,5915868,4321726,5573572,-17.991910416840028,False,False
io,g++,assert,tiny,,fast,fast-cases,format_ns,1547888,1723491,1502090,1657904,1421887,2182929,11.344683853095304,False,False
io,g++,assert,tiny,,iostream,fast-cases,end_to_end_ns,43833465,43780972,42493699,54019601,40811694,49644037,-0.11975553381418091,False,False
io,g++,assert,tiny,,iostream,fast-cases,parse_ns,24758747,25010479,23574363,32954065,22429252,29483210,1.0167396597251077,False,False
io,g++,assert,tiny,,iostream,fast-cases,solve_ns,5920367,4800803,5364400,6206436,4472749,6460748,-18.910381738159142,False,False
io,g++,assert,tiny,,iostream,fast-cases,format_ns,7372886,7606300,6844018,7949384,7294620,8493511,3.1658430633540346,False,False
io,g++,assert,tiny,,fast,indices,end_to_end_ns,21744508,23409478,20691556,22851742,21749265,25303568,7.6569679111617495,False,False
io,g++,assert,tiny,,fast,indices,parse_ns,8619572,8590438,7863756,9838725,8040845,11011508,-0.3379982207933341,False,False
io,g++,assert,tiny,,fast,indices,solve_ns,5443791,6152311,5273764,5915868,5668433,6672858,13.015194742046488,False,False
io,g++,assert,tiny,,fast,indices,format_ns,1547888,1571581,1502090,1657904,1491700,1713253,1.530666301437833,False,False
io,g++,assert,tiny,,iostream,indices,end_to_end_ns,43833465,43937604,42493699,54019601,42442609,45204691,0.23757875404100126,False,False
io,g++,assert,tiny,,iostream,indices,parse_ns,24758747,24780669,23574363,32954065,23776316,25156784,0.08854244522147336,False,False
io,g++,assert,tiny,,iostream,indices,solve_ns,5920367,5691106,5364400,6206436,5553931,6637634,-3.872411963650224,False,False
io,g++,assert,tiny,,iostream,indices,format_ns,7372886,7058423,6844018,7949384,6771630,8280999,-4.265127658287405,False,False
io,g++,assert,tiny,,fast,records,end_to_end_ns,21744508,22540137,20691556,22851742,21775303,27778214,3.6589882833863108,False,False
io,g++,assert,tiny,,fast,records,parse_ns,8619572,8722001,7863756,9838725,7982599,13775609,1.188330464668086,False,False
io,g++,assert,tiny,,fast,records,solve_ns,5443791,6017235,5273764,5915868,5696674,6245267,10.533909182038759,False,False
io,g++,assert,tiny,,fast,records,format_ns,1547888,1768866,1502090,1657904,1603919,1922028,14.276097495426022,False,False
io,g++,assert,tiny,,iostream,records,end_to_end_ns,43833465,43514926,42493699,54019601,42894539,47510879,-0.7267027600943665,False,False
io,g++,assert,tiny,,iostream,records,parse_ns,24758747,24679484,23574363,32954065,23119533,26806015,-0.3201414029554872,False,False
io,g++,assert,tiny,,iostream,records,solve_ns,5920367,6069732,5364400,6206436,5623742,6344362,2.522901029615232,False,False
io,g++,assert,tiny,,iostream,records,format_ns,7372886,7078042,6844018,7949384,6833832,7963572,-3.9990310442884924,False,False
io,g++,release,random,,fast,fast-cases,end_to_end_ns,43503803,41722295,41137084,48586339,41085491,45620303,-4.09506267762384,False,False
io,g++,release,random,,fast,fast-cases,parse_ns,10426318,9826032,9478783,11018673,9617351,13131491,-5.757411197318174,False,False
io,g++,release,random,,fast,fast-cases,solve_ns,28737030,27617782,26200756,32609320,27058242,28433852,-3.8947935816610157,False,False
io,g++,release,random,,fast,fast-cases,format_ns,34704,35145,34371,36506,23431,36317,1.2707468879668005,False,False
io,g++,release,random,,iostream,fast-cases,end_to_end_ns,55134870,57222614,53534404,59377714,54452152,60230551,3.7866127189562615,False,False
io,g++,release,random,,iostream,fast-cases,parse_ns,24031000,23968954,22942813,26545236,23691678,28210479,-0.2581915026424242,False,False
io,g++,release,random,,iostream,fast-cases,solve_ns,27022081,28175488,26516471,28871935,26264569,29315257,4.268387027631215,False,False
io,g++,release,random,,iostream,fast-cases,format_ns,45796,48554,44158,48055,46680,70627,6.022360031443785,False,False
io,g++,release,random,,fast,indices,end_to_end_ns,43503803,54593405,41137084,48586339,51211658,56769826,25.491109363473342,False,True
io,g++,release,random,,fast,indices,parse_ns,10426318,10215560,9478783,11018673,9903013,11083855,-2.021403912675601,False,False
io,g++,release,random,,fast,indices,solve_ns,28737030,40491659,26200756,32609320,36750503,41675045,40.90411918002661,False,True
io,g++,release,random,,fast,indices,format_ns,34704,28058,34371,36506,26305,57061,-19.15053019824804,False,False
io,g++,release,random,,iostream,indices,end_to_end_ns,55134870,66738166,53534404,59377714,65287067,71782765,21.045294928599635,False,True
io,g++,release,random,,iostream,indices,parse_ns,24031000,24760536,22942813,26545236,23416451,25940400,3.0358120760684226,False,False
io,g++,release,random,,iostream,indices,solve_ns,27022081,38375225,26516471,28871935,35878388,41606854,42.014321546886045,False,True
io,g++,release,random,,iostream,indices,format_ns,45796,39149,44158,48055,37877,93646,-14.514368067080097,False,False
io,g++,release,random,,fast,records,end_to_end_ns,43503803,46862365,41137084,48586339,42031696,50581260,7.720157246942305,False,False
io,g++,release,random,,fast,records,parse_ns,10426318,10359267,9478783,11018673,9680836,11952815,-0.6430937556287875,False,False
io,g++,release,random,,fast,records,solve_ns,28737030,32524285,26200756,32609320,28529107,34056705,13.179006320416553,False,False
io,g++,release,random,,fast,records,format_ns,34704,28420,34371,36506,26391,29697,-18.10742277547257,True,False
io,g++,release,random,,iostream,records,end_to_end_ns,55134870,59261386,53534404,59377714,55184617,64920388,7.484403246076399,False,False
io,g++,release,random,,iostream,records,parse_ns,24031000,24740954,22942813,26545236,22937354,28569761,2.9543256626856973,False,False
io,g++,release,random,,iostream,records,solve_ns,27022081,30196016,26516471,28871935,28236722,32498704,11.745708999984128,False,False
io,g++,release,random,,iostream,records,format_ns,45796,38301,44158,48055,33229,42349,-16.366058171019304,True,False
io,g++,release,tiny,,fast,fast-cases,end_to_end_ns,24285526,21270227,22543032,26080485,20372459,22565428,-12.416033319599507,False,False
io,g++,release,tiny,,fast,fast-cases,parse_ns,9370210,8254062,9018557,10510494,7989793,10525945,-11.911664733234362,False,False
io,g++,release,tiny,,fast,fast-cases,solve_ns,6147399,4273504,5517319,6424743,3954407,4439753,-30.48272936245069,True,False
io,g++,release,tiny,,fast,fast-cases,format_ns,1666881,1735869,1594955,2164157,1613734,2285880,4.138747757038441,False,False
io,g++,release,tiny,,iostream,fast-cases,end_to_end_ns,43455112,41281684,43185166,44588375,40023995,44008808,-5.001547343842994,False,False
io,g++,release,tiny,,iostream,fast-cases,parse_ns,24886173,23458886,24010503,25727255,22955027,25629053,-5.735261102621125,False,False
io,g++,release,tiny,,iostream,fast-cases,solve_ns,5385718,4224820,5087098,5781846,3968479,5291471,-21.55512041291431,False,False
io,g++,release,tiny,,iostream,fast-cases,format_ns,6850176,6783445,6667711,7074825,6697012,6932815,-0.9741501532223418,False,False
io,g++,release,tiny,,fast,indices,end_to_end_ns,24285526,23168368,22543032,26080485,22892274,30456612,-4.600098017230514,False,False
io,g++,release,tiny,,fast,indices,parse_ns,9370210,9695147,9018557,10510494,8842683,13692848,3.4677664641454164,False,False
io,g++,release,tiny,,fast,indices,solve_ns,6147399,5943943,5517319,6424743,5501939,6535443,-3.309627372487123,False,False
io,g++,release,tiny,,fast,indices,format_ns,1666881,1649324,1594955,2164157,1550312,2323205,-1.0532845476071806,False,False
io,g++,release,tiny,,iostream,indices,end_to_end_ns,43455112,46936512,43185166,44588375,42725775,48474177,8.011485507159666,False,False
io,g++,release,tiny,,iostream,indices,parse_ns,24886173,25019161,24010503,25727255,23788578,27647508,0.5343850981024634,False,False
io,g++,release,tiny,,iostream,indices,solve_ns,5385718,6291184,5087098,5781846,5189413,6531847,16.81235445301814,False,False
io,g++,release,tiny,,iostream,indices,format_ns,6850176,7639343,6667711,7074825,7175626,11513507,11.520390133041847,False,True
io,g++,release,tiny,,fast,records,end_to_end_ns,24285526,25446160,22543032,26080485,22276392,29783626,4.77911822869308,False,False
io,g++,release,tiny,,fast,records,parse_ns,9370210,9481589,9018557,10510494,8654357,13610497,1.188649987566981,False,False
io,g++,release,tiny,,fast,records,solve_ns,6147399,5658263,5517319,6424743,5430783,6130417,-7.956796036827929,False,False
io,g++,release,tiny,,fast,records,format_ns,1666881,1996166,1594955,2164157,1464516,3946440,19.754559563640118,False,False
io,g++,release,tiny,,iostream,records,end_to_end_ns,43455112,46904298,43185166,44588375,43447559,66146039,7.937353837679684,False,False
io,g++,release,tiny,,iostream,records,parse_ns,24886173,27431716,24010503,25727255,24216451,33601410,10.228744291056735,False,False
io,g++,release,tiny,,iostream,records,solve_ns,5385718,6246839,5087098,5781846,5538435,16604278,15.988973058002664,False,False
io,g++,release,tiny,,iostream,records,format_ns,6850176,7211317,6667711,7074825,6821969,7596242,5.271995931199425,False,False
