mode,shape,scalar,compiler,metric,baseline_median_ns,baseline_min_ns,baseline_max_ns,candidate_median_ns,candidate_min_ns,candidate_max_ns,delta_percent
release,broad,u64,g++,build_ns,1018,833,1876,1226,892,1456,20.432220039292726
release,broad,u64,g++,get_ns,235493185,225090562,260906206,19904570,19637432,49012981,-91.54770869483973
release,broad,u64,g++,initialization_ns,69880149,60470074,74901120,70637188,68107345,71242891,1.0833391325482111
release,broad,u64,g++,mixed_ns,421343816,392021002,437255685,236474963,226545483,285006481,-43.87600956269879
release,broad,u64,g++,range_ns,37318044,35927031,40481937,37180138,36645518,38115668,-0.36954241224432804
release,broad,u64,g++,update_ns,133671215,119501327,140687736,127768067,125850385,130113242,-4.4161699285818585
release,broad,u64,clang++,build_ns,1125,777,1309,1335,1197,1503,18.666666666666675
release,broad,u64,clang++,get_ns,230821209,217852192,246231039,22561393,20707917,27477749,-90.22559794321154
release,broad,u64,clang++,initialization_ns,70500617,66406661,76973997,74962243,70348201,76072892,6.328492132203611
release,broad,u64,clang++,mixed_ns,430373898,409615719,555375505,251744692,237512654,272490803,-41.50558545258244
release,broad,u64,clang++,range_ns,37185761,36139150,44891039,37130971,35936049,40278285,-0.1473413439084914
release,broad,u64,clang++,update_ns,133682603,130470928,153400727,138067531,125245836,145494345,3.280103694569747
release,broad,mod998,g++,build_ns,1101,927,1259,1258,730,19221,14.259763851044504
release,broad,mod998,g++,get_ns,232342477,229527014,256636472,22477423,21549284,22931895,-90.32573669256354
release,broad,mod998,g++,initialization_ns,72255724,65767889,82045334,74419194,67870945,79144025,2.9941849312865587
release,broad,mod998,g++,mixed_ns,455601659,436687560,656898417,293843444,246930258,332966526,-35.50430772246156
release,broad,mod998,g++,range_ns,38123419,37604877,40586680,38166771,36332819,48205867,0.1137148795599785
release,broad,mod998,g++,update_ns,136301130,134549898,137480708,144962325,132894853,169400220,6.354455755429167
release,broad,mod998,clang++,build_ns,998,893,1654,1025,803,1256,2.7054108216432837
release,broad,mod998,clang++,get_ns,250865034,240350702,276822748,23748412,20298907,25577677,-90.53339095475538
release,broad,mod998,clang++,initialization_ns,79197512,76344986,100690763,73013817,68883795,77441391,-7.807940986833017
release,broad,mod998,clang++,mixed_ns,508401407,468543496,529023579,294636640,234126375,347944659,-42.046454643269705
release,broad,mod998,clang++,range_ns,42649007,38620831,44346432,39639819,37671245,44902728,-7.05570472015914
release,broad,mod998,clang++,update_ns,142653866,139209120,150794540,145106817,131415199,216404625,1.719512459620276
release,hotspot,u64,g++,build_ns,1066,974,1111,1082,789,1698,1.5009380863039379
release,hotspot,u64,g++,get_ns,9355968,8437542,10349050,2830845,2806822,3215309,-69.74289565761663
release,hotspot,u64,g++,initialization_ns,5805811,5767293,5919764,6005547,5799128,6512318,3.4402773359311967
release,hotspot,u64,g++,mixed_ns,15078209,14415607,16919245,9775581,9236675,10142279,-35.167492372602084
release,hotspot,u64,g++,range_ns,1140860,1042666,1649521,1067230,1043168,1198327,-6.45390319583472
release,hotspot,u64,g++,update_ns,9734650,9573757,10582165,9899097,9498825,11438571,1.6892954548956451
release,hotspot,u64,clang++,build_ns,978,651,1300,1453,921,2196,48.56850715746421
release,hotspot,u64,clang++,get_ns,7543246,7155916,7623470,2982590,2829257,3011280,-60.460125521559284
release,hotspot,u64,clang++,initialization_ns,5182863,4774227,5263757,4822858,4803654,9764015,-6.946064366355042
release,hotspot,u64,clang++,mixed_ns,12295957,11968578,12951938,8492336,8048617,9058448,-30.933915920493217
release,hotspot,u64,clang++,range_ns,930943,925751,951811,885339,875702,1084378,-4.89868874893522
release,hotspot,u64,clang++,update_ns,9021629,7616497,9418886,7908746,7490145,10681102,-12.33572118738201
release,hotspot,mod998,g++,build_ns,1177,824,1187,1273,919,1629,8.156329651656758
release,hotspot,mod998,g++,get_ns,8776581,8560856,10882828,3126295,2993338,4705391,-64.37912439935323
release,hotspot,mod998,g++,initialization_ns,6084997,5893717,6318840,6129286,5757307,7035921,0.7278393070695
release,hotspot,mod998,g++,mixed_ns,15187939,14941690,15852510,10298925,9495091,11589731,-32.190108216789646
release,hotspot,mod998,g++,range_ns,1148124,1092503,1193928,1203492,1096797,1241048,4.822475621100164
release,hotspot,mod998,g++,update_ns,10133058,9531565,13083857,9900085,9650777,11073420,-2.299138127897815
release,hotspot,mod998,clang++,build_ns,1129,951,1602,947,731,1022,-16.120460584588137
release,hotspot,mod998,clang++,get_ns,7858536,7494519,9382677,3169495,3058719,3743330,-59.66812393555237
release,hotspot,mod998,clang++,initialization_ns,5036881,4963283,5213396,5074698,4927887,5501123,0.7508019347687522
release,hotspot,mod998,clang++,mixed_ns,13528233,12851908,27218083,8500995,8393418,11071677,-37.16108378677393
release,hotspot,mod998,clang++,range_ns,968297,961924,1097289,959933,949760,1013405,-0.8637845619680729
release,hotspot,mod998,clang++,update_ns,7927923,7849866,9454694,7873044,7720433,9288360,-0.6922241802802542
release,boundary,u64,g++,build_ns,1005,833,1437,1176,955,1653,17.01492537313434
release,boundary,u64,g++,get_ns,35083492,34239008,35506756,13515088,12753846,13517506,-61.47735806914545
release,boundary,u64,g++,initialization_ns,5335975,5186082,6405833,5953294,5670168,6803080,11.569000979202482
release,boundary,u64,g++,mixed_ns,34860342,34496489,36951256,17856670,17523041,18835633,-48.77654958175683
release,boundary,u64,g++,range_ns,6102250,6077464,6439469,6313573,6308865,6619770,3.4630341267565257
release,boundary,u64,g++,update_ns,8694249,8412526,9246084,8786192,8440887,10061730,1.0575151459315313
release,boundary,u64,clang++,build_ns,1110,961,1366,939,788,1082,-15.405405405405403
release,boundary,u64,clang++,get_ns,26726654,26172973,29827459,11008774,10505947,12333105,-58.80975598367083
release,boundary,u64,clang++,initialization_ns,5102471,4647001,6591813,4809138,4651867,6137141,-5.7488420806311336
release,boundary,u64,clang++,mixed_ns,27673512,27407923,30613046,15923387,14813936,16695722,-42.459825843572006
release,boundary,u64,clang++,range_ns,4867394,4710782,5213441,5131911,4879914,7806809,5.434468629414435
release,boundary,u64,clang++,update_ns,7481318,7393785,8076658,7823453,7736930,9004377,4.573191515184893
release,boundary,mod998,g++,build_ns,1034,656,1316,959,840,1489,-7.2533849129593815
release,boundary,mod998,g++,get_ns,34695514,34265787,35054742,12927123,12676176,13436643,-62.741226430598495
release,boundary,mod998,g++,initialization_ns,5331675,5274626,6170565,5412294,5294853,5728156,1.5120764112591223
release,boundary,mod998,g++,mixed_ns,35748347,34258541,38847037,17159118,16716605,19214219,-52.000247731734284
release,boundary,mod998,g++,range_ns,6292482,6007036,6699989,6951740,6155508,7491022,10.476915150492294
release,boundary,mod998,g++,update_ns,8821723,8635563,9551137,9089453,8816960,9130851,3.0348946572001934
release,boundary,mod998,clang++,build_ns,1267,879,1412,1088,936,1374,-14.127861089187055
release,boundary,mod998,clang++,get_ns,28353696,26027461,30863280,11041063,10513722,13608605,-61.059528182851366
release,boundary,mod998,clang++,initialization_ns,5128573,4803735,5565914,4823694,4709767,5388255,-5.944714055937195
release,boundary,mod998,clang++,mixed_ns,30534844,28016263,34790313,15194902,14833334,15988036,-50.23749916652596
release,boundary,mod998,clang++,range_ns,5096688,4953257,5991467,5004369,4793529,5314530,-1.8113527843964583
release,boundary,mod998,clang++,update_ns,8369785,7831834,8852993,7735020,7409813,8653406,-7.584006040776437
assert,broad,u64,g++,build_ns,1059,1010,1426,1021,810,1295,-3.5882908404154867
assert,broad,u64,g++,get_ns,234862017,231091176,246246511,21847391,20724404,22341983,-90.69777596264107
assert,broad,u64,g++,initialization_ns,75542584,68123838,108398646,74257820,72396401,84750057,-1.700714923916291
assert,broad,u64,g++,mixed_ns,496688957,473514229,521280890,285130030,235088533,318925364,-42.593845508024856
assert,broad,u64,g++,range_ns,36088569,35514366,44269887,35867937,35541980,37294384,-0.6113625619236895
assert,broad,u64,g++,update_ns,144832981,140792739,149625734,145546852,138551542,158255022,0.492892568440606
assert,broad,u64,clang++,build_ns,1018,929,1039,1447,698,1575,42.14145383104126
assert,broad,u64,clang++,get_ns,230683165,224776844,240826429,22851245,20885140,25033327,-90.0940994111989
assert,broad,u64,clang++,initialization_ns,69932917,68264333,77058618,77707984,69789513,80394583,11.117893166103743
assert,broad,u64,clang++,mixed_ns,457952270,449856350,500302186,272897510,255434631,297360827,-40.4091806336062
assert,broad,u64,clang++,range_ns,37649085,36944052,40861870,41071986,40631638,44826910,9.091591468956018
assert,broad,u64,clang++,update_ns,137029617,134440744,144737379,152012016,139028112,153831457,10.933693991131864
assert,broad,mod998,g++,build_ns,1081,888,1914,1140,849,254237,5.45790934320074
assert,broad,mod998,g++,get_ns,235404598,228663170,239731995,22354389,20499074,30671263,-90.50384351456042
assert,broad,mod998,g++,initialization_ns,70080255,65446074,78258152,70944076,66723409,77637390,1.2326168048332642
assert,broad,mod998,g++,mixed_ns,442968107,436492219,533861371,288725836,267880707,352224502,-34.82017521410407
assert,broad,mod998,g++,range_ns,39049045,37433248,40997687,38457963,36796058,45222438,-1.5136913079436431
assert,broad,mod998,g++,update_ns,137152437,126125704,149843889,135588477,130655380,167017602,-1.140307845933497
assert,broad,mod998,clang++,build_ns,1265,663,1331,1200,943,1517,-5.138339920948621
assert,broad,mod998,clang++,get_ns,235970561,221090757,247881019,22525955,21026430,23494860,-90.45391302010762
assert,broad,mod998,clang++,initialization_ns,72960929,71893621,80753591,72147815,67733001,79577443,-1.1144512702134013
assert,broad,mod998,clang++,mixed_ns,453022407,428538280,497275854,283817689,268607328,287963497,-37.35018740474795
assert,broad,mod998,clang++,range_ns,38882382,37796538,49933492,37916171,35866640,39597714,-2.4849583546604714
assert,broad,mod998,clang++,update_ns,144081827,140221792,156382216,144871668,135096519,159023274,0.5481891897442415
assert,hotspot,u64,g++,build_ns,870,786,1236,1217,808,1694,39.88505747126436
assert,hotspot,u64,g++,get_ns,9015200,8869329,9411587,3006534,2858418,3325920,-66.6503904516816
assert,hotspot,u64,g++,initialization_ns,5964854,5801634,6392338,5962959,5746828,6572331,-0.031769428053063375
assert,hotspot,u64,g++,mixed_ns,15484313,14438637,16386854,9746142,9229788,10954442,-37.05796311402385
assert,hotspot,u64,g++,range_ns,1099574,1043925,1159162,1047105,1045425,1137703,-4.7717570622804795
assert,hotspot,u64,g++,update_ns,9883565,9685545,10429686,9928760,9591939,10919310,0.4572742729976431
assert,hotspot,u64,clang++,build_ns,938,822,1329,1158,861,1531,23.454157782515985
assert,hotspot,u64,clang++,get_ns,7400926,7107925,8053180,3006986,2887170,3372776,-59.370138277291254
assert,hotspot,u64,clang++,initialization_ns,4953254,4838164,5620098,5183925,4966225,5543492,4.656958839583036
assert,hotspot,u64,clang++,mixed_ns,12478759,12020293,12649979,8738773,8306219,9838445,-29.970816809588197
assert,hotspot,u64,clang++,range_ns,989905,964512,1090910,908005,899452,974076,-8.27352119647845
assert,hotspot,u64,clang++,update_ns,7853099,7672572,8012649,8064809,7956375,9193358,2.6958784041815953
assert,hotspot,mod998,g++,build_ns,964,862,1143,1240,980,1373,28.63070539419088
assert,hotspot,mod998,g++,get_ns,9063298,8732474,9387144,3146466,3035897,4257472,-65.2834321457818
assert,hotspot,mod998,g++,initialization_ns,5990322,5792520,6995453,6494792,5759124,6717928,8.421417079081884
assert,hotspot,mod998,g++,mixed_ns,15697474,15086703,16987274,10096196,9363857,10412338,-35.682670982605224
assert,hotspot,mod998,g++,range_ns,1176073,1094460,3039035,1104778,1102011,1537736,-6.062123694702626
assert,hotspot,mod998,g++,update_ns,10034394,9690789,10791609,10894337,9813788,12516486,8.569954498497868
assert,hotspot,mod998,clang++,build_ns,1149,938,1454,991,885,1417,-13.751087902523928
assert,hotspot,mod998,clang++,get_ns,7718522,7683527,8347244,3374730,3232526,3746361,-56.27751012434764
assert,hotspot,mod998,clang++,initialization_ns,5219027,4990815,5515899,5009318,4901424,5130978,-4.018162772486134
assert,hotspot,mod998,clang++,mixed_ns,13213670,13187866,14420681,9256708,8569989,9690290,-29.94597261775116
assert,hotspot,mod998,clang++,range_ns,1024950,1012649,1113145,1007918,996748,1059174,-1.6617395970535132
assert,hotspot,mod998,clang++,update_ns,8582836,8493909,9131107,8170912,7809840,8283012,-4.799392648304124
assert,boundary,u64,g++,build_ns,1049,936,1298,1226,764,1314,16.873212583412766
assert,boundary,u64,g++,get_ns,35029620,34654853,37098588,13539492,13111259,14325775,-61.34844739965777
assert,boundary,u64,g++,initialization_ns,5338123,5222202,5912963,5453289,5425607,5915428,2.1574249975131687
assert,boundary,u64,g++,mixed_ns,35498613,33772949,36864017,17653128,17461245,18902974,-50.27093593769425
assert,boundary,u64,g++,range_ns,6197616,5952603,6514039,6433143,6131112,6627655,3.800283851080799
assert,boundary,u64,g++,update_ns,8856346,8649995,9984631,9155546,8795235,9379830,3.378368460310832
assert,boundary,u64,clang++,build_ns,1086,812,1584,928,755,1209,-14.548802946592998
assert,boundary,u64,clang++,get_ns,26447608,26290187,27747172,10995704,10078239,11169092,-58.424580400616954
assert,boundary,u64,clang++,initialization_ns,4801527,4698388,4969877,4868737,4661919,4987759,1.3997630337182265
assert,boundary,u64,clang++,mixed_ns,28395282,27281958,29143244,15140824,14619706,16504356,-46.67838128883523
assert,boundary,u64,clang++,range_ns,5116462,4944785,5308908,5116067,4887957,5570530,-0.007720178513981324
assert,boundary,u64,clang++,update_ns,8155640,7676947,10541384,7739377,7699887,8360888,-5.103989386485919
assert,boundary,mod998,g++,build_ns,1263,1009,1548,1123,774,1732,-11.084718923198732
assert,boundary,mod998,g++,get_ns,37934441,36128970,46523817,13289169,12790854,17006433,-64.96806424536479
assert,boundary,mod998,g++,initialization_ns,5785142,5345048,5969431,5969491,5283976,6906278,3.186594209787774
assert,boundary,mod998,g++,mixed_ns,38856134,36141091,44990859,19625898,17755463,29861072,-49.49086288409445
assert,boundary,mod998,g++,range_ns,6534634,6249847,6743804,6617614,6262003,6741159,1.2698492371569614
assert,boundary,mod998,g++,update_ns,9306485,8772467,11379053,9017596,8528718,13272257,-3.104168759741188
assert,boundary,mod998,clang++,build_ns,1257,1166,1276,1225,1056,1405,-2.545743834526648
assert,boundary,mod998,clang++,get_ns,28464896,27040869,30331866,11444019,10913497,11726221,-59.796027359453554
assert,boundary,mod998,clang++,initialization_ns,4950347,4805416,7648068,5043208,4685417,5333310,1.8758482991192427
assert,boundary,mod998,clang++,mixed_ns,31326136,27700486,35661315,15450833,15320863,16833221,-50.67750136818662
assert,boundary,mod998,clang++,range_ns,5098238,4756302,5409948,5069972,4919240,5180426,-0.554426843156397
assert,boundary,mod998,clang++,update_ns,8479802,8311210,8941282,7983167,7770998,8479119,-5.856681559309996
